id	name	description	image	primary_email	birth_date	age_in_years	gender	current_address
1	José Eduardo181 Gómez206			J.Gómez206@example.com	1989-05-25	34	nonbinary man	1
2	Milo271 Feil794			M.Feil794@example.com	1983-11-14	39	cisgender man	2
3	Jayson808 Fadel536			J.Fadel536@example.com	1992-06-02	31	transgender man	3
4	Mariana775 Rutherford999			M.Rutherford999@example.com	1978-05-27	45	transgender woman	4
5	Gregorio366 Auer97			G.Auer97@example.com	1996-10-18	26	nonbinary man	5
6	Jacinto644 Kris249			J.Kris249@example.com	2017-07-27	5	cisgender man	6
7	Jimmie93 Harris789			J.Harris789@example.com	2003-12-13	19	cisgender woman	7
8	Karyn217 Mueller846			K.Mueller846@example.com	2019-05-15	4	transgender woman	8
9	Isabel214 Lucio648			I.Lucio648@example.com	1970-05-16	53	nonbinary woman	9
10	Alva958 Krajcik437			A.Krajcik437@example.com	2016-07-04	6	cisgender woman	10
11	Jeffrey461 Greenfelder433			J.Greenfelder433@example.com	2004-12-19	18	nonbinary man	11
12	Karyn217 Jast432			K.Jast432@example.com	1991-07-03	31	cisgender woman	12
13	Leann224 Larson43			invalid-example.net	1989-06-07	34	invalid-example	13
14	Christal240 Brown30			C.Brown30@example.com	1982-09-01	40	nonbinary woman	14
15	Amada498 Reichert620			A.Reichert620@example.com	1958-07-01	64	nonbinary woman	15
16	Raye931 Wunsch504			R.Wunsch504@example.com	1957-02-25	66	nonbinary woman	16
17	Anissa357 Wuckert783			A.Wuckert783@example.com	1959-05-26	64	nonbinary woman	17
18	Edmund685 Walker122			E.Walker122@example.com	1954-04-04	69	cisgender man	18
19	Danae973 Bartoletti50			D.Bartoletti50@example.com	1958-04-11	65	transgender woman	19
20	Lisbeth69 Hand679			L.Hand679@example.com	1983-09-02	39	transgender woman	20
21	Carmelia328 Konopelski743			C.Konopelski743@example.com	2000-11-21	22	transgender woman	21
22	Cythia210 Reichel38			C.Reichel38@example.com	1999-02-03	24	transgender woman	22
23	María Soledad68 Aparicio848			M.Aparicio848@example.com	2017-02-23	6	nonbinary woman	23
24	Margert370 Keeling57			M.Keeling57@example.com	1970-12-22	52	nonbinary woman	24
25	Margurite588 Fahey393			M.Fahey393@example.com	1986-01-28	37	cisgender woman	25
26	Frankie174 Heathcote539			F.Heathcote539@example.com	1983-09-12	39	nonbinary woman	26
27	Cecila397 Feil794			C.Feil794@example.com	2000-11-21	22	nonbinary woman	27
28	Kim439 Ruecker817			K.Ruecker817@example.com	1967-03-26	56	transgender woman	28
29	Louie190 Jacobi462			L.Jacobi462@example.com	1973-07-04	49	nonbinary man	29
30	Marvel321 Wyman904			M.Wyman904@example.com	1965-10-15	57	transgender woman	30
31	Luciana251 Jakubowski832			L.Jakubowski832@example.com	1993-03-09	30	nonbinary woman	31
32	Ashton21 Schmidt332			invalid-example.net	1967-06-14	55	invalid-example	32
33	Erwin847 Weimann465			E.Weimann465@example.com	1987-08-03	35	cisgender man	33
34	Mabel261 Larkin917			M.Larkin917@example.com	1986-08-24	36	cisgender woman	34
35	Victor265 Dickinson688			V.Dickinson688@example.com	2005-11-30	17	nonbinary man	35
36	Wesley533 Rau926			W.Rau926@example.com	1967-06-14	55	nonbinary man	36
37	Dorothea248 Ward668			D.Ward668@example.com	2018-07-19	4	nonbinary woman	37
38	Emerson869 Hagenes547			E.Hagenes547@example.com	1959-05-20	64	nonbinary man	38
39	Christene303 Brakus656			C.Brakus656@example.com	1994-05-31	29	nonbinary woman	39
40	Stanford577 Goodwin327			S.Goodwin327@example.com	1969-02-22	54	cisgender man	40
41	Lorrie905 Leannon79			L.Leannon79@example.com	2013-07-02	9	transgender woman	41
42	Carol737 Harber290			C.Harber290@example.com	1968-08-15	54	nonbinary man	42
43	Carlton317 Breitenberg711			C.Breitenberg711@example.com	1979-05-16	44	transgender man	43
44	Cesar434 Klein929			C.Klein929@example.com	1972-08-25	50	transgender man	44
45	Jesus702 Hickle134			J.Hickle134@example.com	1986-08-24	36	transgender woman	45
46	Joleen561 Quitzon246			J.Quitzon246@example.com	2001-12-27	21	transgender woman	46
47	Ira784 Stark857			I.Stark857@example.com	1982-05-22	41	cisgender man	47
48	Richie600 Goyette777			R.Goyette777@example.com	2012-04-29	11	cisgender man	48
49	Timmy68 Macejkovic424			T.Macejkovic424@example.com	2007-05-21	16	transgender man	49
50	Benedict104 Emard19			B.Emard19@example.com	1981-08-21	41	cisgender man	50
51	Maisha241 Bartell116			M.Bartell116@example.com	1955-04-05	68	transgender woman	51
52	Margarita164 Crooks415			invalid-example.net	1978-10-30	44	invalid-example	52
53	Reid278 Von197			R.Von197@example.com	1997-12-14	25	cisgender man	53
54	Chung121 Heller342			C.Heller342@example.com	2015-06-20	7	nonbinary man	54
55	Ernie189 Stamm704			E.Stamm704@example.com	1976-02-21	47	nonbinary man	55
56	Sabina296 Lind531			S.Lind531@example.com	1952-04-08	71	cisgender woman	56
57	Tia76 Crona259			T.Crona259@example.com	1940-04-05	83	cisgender woman	57
58	Leslee214 Schumm995			L.Schumm995@example.com	2020-02-13	3	transgender woman	58
59	Cristobal567 Parra592			C.Parra592@example.com	1995-09-04	27	nonbinary man	59
60	Eveline832 Wintheiser220			E.Wintheiser220@example.com	2009-05-07	14	nonbinary woman	60
61	Marjory382 Friesen796			M.Friesen796@example.com	2008-06-23	14	transgender woman	61
62	Caterina17 Schulist381			C.Schulist381@example.com	1968-03-29	55	cisgender woman	62
63	Evia329 Graham902			E.Graham902@example.com	1959-03-04	64	transgender woman	63
64	Mickey576 Crist667			M.Crist667@example.com	1997-12-14	25	cisgender man	64
65	Bernice532 Maggio310			B.Maggio310@example.com	1992-05-22	31	transgender woman	65
66	Ben667 Funk324			B.Funk324@example.com	1969-06-05	54	cisgender man	66
67	Lesley194 Lynch190			L.Lynch190@example.com	2006-05-24	17	nonbinary man	67
68	Jamey282 Hermiston71			J.Hermiston71@example.com	1941-03-25	82	transgender man	68
69	Caroll955 Kuhic920			C.Kuhic920@example.com	1990-06-15	32	transgender woman	69
70	Humberto482 Mann644			H.Mann644@example.com	2018-02-06	5	transgender man	70
71	Alane21 Grant908			A.Grant908@example.com	1940-04-05	83	transgender woman	71
72	Sammie902 Greenholt190			S.Greenholt190@example.com	1939-12-12	83	cisgender man	72
73	Shirley182 Borer986			S.Borer986@example.com	1976-09-10	46	nonbinary man	73
74	Laverna97 Cartwright189			L.Cartwright189@example.com	1954-07-29	68	transgender woman	74
75	Linwood526 Kutch271			L.Kutch271@example.com	1941-03-25	82	transgender man	75
76	Kevin729 Adams676			K.Adams676@example.com	1958-04-27	65	cisgender man	76
77	Kermit56 Barton704			K.Barton704@example.com	2003-08-08	19	cisgender man	77
78	Phil587 Doyle959			P.Doyle959@example.com	1967-11-26	55	nonbinary man	78
79	Kristina583 Nitzsche158			K.Nitzsche158@example.com	1940-04-05	83	cisgender woman	79
80	Dannie881 Smitham825			D.Smitham825@example.com	1974-07-30	48	transgender man	80
81	Hermila490 Wilkinson796			H.Wilkinson796@example.com	1974-01-17	49	cisgender woman	81
82	Christeen33 Becker968			C.Becker968@example.com	1983-06-06	40	nonbinary woman	82
83	Ted955 Howell947			T.Howell947@example.com	1969-02-26	54	transgender man	83
84	Andre610 Murray856			A.Murray856@example.com	1942-07-27	80	nonbinary woman	84
85	Stevie682 Hilpert278			S.Hilpert278@example.com	1941-03-25	82	transgender man	85
86	Orlando897 Reichert620			O.Reichert620@example.com	1957-02-13	66	nonbinary man	86
87	Kermit56 Rutherford999			K.Rutherford999@example.com	1946-08-12	76	transgender man	87
88	Micheal721 Lang846			M.Lang846@example.com	1964-08-09	58	transgender man	88
89	Gidget756 Rempel203			G.Rempel203@example.com	2004-06-07	19	cisgender woman	89
90	Erika442 Becker968			E.Becker968@example.com	1940-04-05	83	cisgender woman	90
91	Deidra675 Gleason633			D.Gleason633@example.com	1996-05-29	27	transgender woman	91
92	Sean831 Casper496			S.Casper496@example.com	2008-10-24	14	cisgender man	92
93	Ardis509 Littel644			A.Littel644@example.com	1967-07-14	55	transgender woman	93
94	Alejandro916 D'Amore443			A.D'Amore443@example.com	1984-06-09	39	transgender man	94
95	Gerald181 Gorczany269			G.Gorczany269@example.com	2012-10-21	10	transgender man	95
96	Elvira561 Navarro863			E.Navarro863@example.com	1984-06-24	38	transgender woman	96
97	Mateo562 Palacios784			M.Palacios784@example.com	2017-12-23	5	transgender man	97
98	Tabetha269 O'Hara248			T.O'Hara248@example.com	1997-09-11	25	cisgender woman	98
99	Manuela585 Lozada73			M.Lozada73@example.com	2020-03-22	3	nonbinary woman	99
100	Casey401 Hahn503			C.Hahn503@example.com	1997-05-04	26	nonbinary man	100
101	Bertram873 VonRueden376			B.VonRueden376@example.com	2004-03-25	19	transgender man	101
102	Angelic427 Wisoky380			A.Wisoky380@example.com	1955-07-24	67	nonbinary woman	102
103	Jeanne553 Langworth352			J.Langworth352@example.com	1993-10-29	29	nonbinary woman	103
104	Adrian111 Davis923			A.Davis923@example.com	2013-04-25	10	nonbinary woman	104
105	Jamel269 Turner526			J.Turner526@example.com	1981-09-03	41	nonbinary man	105
106	Maurice742 Bauch723			M.Bauch723@example.com	1988-02-08	35	transgender man	106
107	Santiago500 Hermiston71			S.Hermiston71@example.com	1987-04-02	36	nonbinary man	107
108	Rana586 Davis923			R.Davis923@example.com	1984-09-13	38	cisgender woman	108
109	Cassaundra447 Kub800			C.Kub800@example.com	2009-10-03	13	cisgender woman	109
110	Rosalind66 Lesch175			R.Lesch175@example.com	1980-04-26	43	cisgender woman	110
111	Theodora872 Schaden604			T.Schaden604@example.com	1972-12-24	50	nonbinary woman	111
112	Eliseo499 Lind531			E.Lind531@example.com	1958-12-06	64	transgender man	112
113	Adam631 Mertz280			A.Mertz280@example.com	2002-07-12	20	transgender man	113
114	Muoi890 Nolan344			M.Nolan344@example.com	1963-12-05	59	nonbinary woman	114
115	Patrice780 Hills818			P.Hills818@example.com	1971-02-23	52	transgender woman	115
116	Willa615 Paucek755			W.Paucek755@example.com	2010-09-27	12	cisgender woman	116
117	Vennie613 Price929			V.Price929@example.com	1984-01-25	39	cisgender woman	117
118	Laticia649 Flatley871			L.Flatley871@example.com	1973-06-02	50	transgender woman	118
119	Fritz267 Hartmann983			F.Hartmann983@example.com	1977-07-25	45	cisgender man	119
120	Miles206 Orn563			M.Orn563@example.com	1958-07-12	64	nonbinary man	120
121	Thaddeus38 Runolfsdottir785			T.Runolfsdottir785@example.com	1949-03-10	74	transgender man	121
122	Kelly223 Christiansen251			K.Christiansen251@example.com	1966-09-21	56	cisgender man	122
123	Scottie437 Koss676			S.Koss676@example.com	1974-04-25	49	transgender woman	123
124	Emilie407 Bednar518			E.Bednar518@example.com	1971-09-11	51	nonbinary woman	124
125	Scott935 Klein929			S.Klein929@example.com	1943-12-26	79	cisgender man	125
126	Keren761 Kiehn525			K.Kiehn525@example.com	1956-01-02	67	transgender woman	126
127	Terrell212 Mann644			invalid-example.net	1974-12-09	48	invalid-example	127
128	Weldon459 Effertz744			W.Effertz744@example.com	1944-04-14	79	nonbinary man	128
129	Isiah14 Fritsch593			I.Fritsch593@example.com	1951-01-06	72	cisgender man	129
130	Arthur650 Steuber698			A.Steuber698@example.com	2015-01-17	8	cisgender man	130
131	Annalee788 Spencer878			A.Spencer878@example.com	1957-08-31	65	cisgender woman	131
132	Corinna386 Boehm581			C.Boehm581@example.com	1963-07-20	59	transgender woman	132
133	Viola977 McGlynn426			V.McGlynn426@example.com	1998-10-18	24	nonbinary woman	133
134	Luisa710 Hammes673			L.Hammes673@example.com	2003-09-22	19	cisgender woman	134
135	Ben667 Schaden604			B.Schaden604@example.com	1943-12-26	79	nonbinary man	135
136	Leilani136 Romaguera67			L.Romaguera67@example.com	1989-04-07	34	nonbinary woman	136
137	Marylouise236 Eichmann909			M.Eichmann909@example.com	1946-09-23	76	transgender woman	137
138	Pamela954 Greenholt190			P.Greenholt190@example.com	1986-05-13	37	nonbinary woman	138
139	Tora746 Hammes673			T.Hammes673@example.com	2000-09-19	22	cisgender woman	139
140	Rick943 Hermiston71			R.Hermiston71@example.com	2011-07-16	11	nonbinary man	140
141	Grady603 Hartmann983			G.Hartmann983@example.com	1981-04-24	42	transgender man	141
142	Mariella503 Daugherty69			M.Daugherty69@example.com	1964-11-25	58	cisgender woman	142
143	Benedict104 Fadel536			B.Fadel536@example.com	1965-02-22	58	nonbinary man	143
144	Wilbur107 Denesik803			W.Denesik803@example.com	1950-05-22	73	cisgender man	144
145	Josiah310 Stokes453			J.Stokes453@example.com	1986-12-27	36	transgender man	145
146	September423 Hermann103			S.Hermann103@example.com	2000-10-16	22	transgender woman	146
147	Shandra823 Beatty507			S.Beatty507@example.com	2018-03-20	5	nonbinary woman	147
148	Ashley34 Kuphal363			A.Kuphal363@example.com	1977-08-08	45	cisgender man	148
149	Altha90 Rolfson709			A.Rolfson709@example.com	1999-07-19	23	nonbinary woman	149
150	Aundrea980 Mertz280			A.Mertz280@example.com	1974-06-01	49	nonbinary woman	150
151	Latrina689 Schneider199			L.Schneider199@example.com	2002-07-31	20	cisgender woman	151
152	Shaun461 Graham902			S.Graham902@example.com	1946-09-23	76	cisgender woman	152
153	Hunter736 Grimes165			H.Grimes165@example.com	1993-01-20	30	nonbinary man	153
154	Erwin847 Lehner980			E.Lehner980@example.com	2001-07-24	21	cisgender man	154
155	Joycelyn213 Abernathy524			J.Abernathy524@example.com	2006-03-07	17	transgender woman	155
156	Harland508 Krajcik437			H.Krajcik437@example.com	1965-07-10	57	cisgender man	156
157	Carlie972 Rath779			C.Rath779@example.com	2007-03-03	16	transgender woman	157
158	Eldon28 Beahan375			E.Beahan375@example.com	2005-02-17	18	transgender man	158
159	Clayton230 Schaefer657			C.Schaefer657@example.com	1950-05-22	73	transgender man	159
160	Rene434 Schinner682			R.Schinner682@example.com	1962-12-21	60	nonbinary woman	160
161	Jo405 McCullough561			J.McCullough561@example.com	1997-11-12	25	transgender woman	161
162	Bobby524 Larkin917			B.Larkin917@example.com	2015-11-21	7	cisgender man	162
163	Eusebio566 Beier427			E.Beier427@example.com	2018-07-13	4	cisgender man	163
164	Eartha927 Hamill307			E.Hamill307@example.com	1993-05-02	30	cisgender woman	164
165	Edgardo196 McGlynn426			E.McGlynn426@example.com	1998-05-07	25	transgender man	165
166	Dion244 Bartoletti50			D.Bartoletti50@example.com	1950-03-16	73	nonbinary man	166
167	Charise827 Reilly981			C.Reilly981@example.com	1971-06-16	51	nonbinary woman	167
168	Shara355 Becker968			S.Becker968@example.com	2006-01-10	17	nonbinary woman	168
169	Madelyn308 Kutch271			M.Kutch271@example.com	1951-03-20	72	cisgender woman	169
170	Cathern761 Kuphal363			C.Kuphal363@example.com	1976-05-30	47	cisgender woman	170
171	Lacy523 Kautzer186			L.Kautzer186@example.com	1923-06-22	99	cisgender man	171
172	Cassaundra447 Will178			C.Will178@example.com	2006-03-30	17	transgender woman	172
173	Felton646 Balistreri607			F.Balistreri607@example.com	1950-05-22	73	nonbinary man	173
174	Orlando897 Murphy561			O.Murphy561@example.com	1979-12-25	43	cisgender man	174
175	Noel608 Greenholt190			N.Greenholt190@example.com	1979-03-26	44	cisgender woman	175
176	Eddie505 Stracke611			E.Stracke611@example.com	1974-02-23	49	transgender man	176
177	Kasie673 Rohan584			K.Rohan584@example.com	1991-08-30	31	transgender woman	177
178	Jacquelyn628 Senger904			J.Senger904@example.com	1964-04-18	59	cisgender woman	178
179	Verdie59 Williamson769			V.Williamson769@example.com	1976-03-23	47	cisgender woman	179
180	Christena299 Lang846			C.Lang846@example.com	1953-08-03	69	nonbinary woman	180
181	Esteban536 Little434			E.Little434@example.com	2019-08-16	3	transgender man	181
182	Adela471 Llamas954			A.Llamas954@example.com	1984-12-27	38	nonbinary woman	182
183	Sharolyn456 Reynolds644			S.Reynolds644@example.com	1972-11-25	50	cisgender woman	183
184	Aurelia213 Hagenes547			A.Hagenes547@example.com	2013-07-22	9	cisgender woman	184
185	Rafael239 Schaden604			R.Schaden604@example.com	1951-10-14	71	nonbinary man	185
186	Carolina179 Stiedemann542			C.Stiedemann542@example.com	1984-04-16	39	nonbinary woman	186
187	Lakeesha370 Williamson769			L.Williamson769@example.com	1964-03-09	59	nonbinary woman	187
188	Patrick786 Hettinger594			P.Hettinger594@example.com	1998-05-31	25	transgender man	188
189	Cassandra224 O'Reilly797			C.O'Reilly797@example.com	1935-08-25	87	transgender woman	189
190	Donn979 Casper496			D.Casper496@example.com	2010-03-11	13	cisgender man	190
191	Esmeralda972 Lind531			E.Lind531@example.com	1977-10-15	45	transgender woman	191
192	Albert312 Reynolds644			A.Reynolds644@example.com	2004-03-09	19	nonbinary woman	192
193	Floyd420 Conroy74			F.Conroy74@example.com	1956-11-25	66	cisgender man	193
194	Gilbert263 Kub800			G.Kub800@example.com	2002-01-03	21	cisgender man	194
195	Kent912 Fritsch593			K.Fritsch593@example.com	1994-06-26	28	transgender man	195
196	Jerrell6 D'Amore443			J.D'Amore443@example.com	1951-10-14	71	cisgender man	196
197	Alec433 Wisozk929			A.Wisozk929@example.com	2007-07-07	15	nonbinary man	197
198	Marcelo725 Skiles927			M.Skiles927@example.com	1994-12-25	28	nonbinary man	198
199	Reggie481 Prosacco716			R.Prosacco716@example.com	2003-10-12	19	nonbinary man	199
200	Marx778 Sauer652			M.Sauer652@example.com	1993-12-18	29	cisgender woman	200
201	Leroy603 Heller342			L.Heller342@example.com	2016-11-19	6	transgender man	201
202	Simonne139 Douglas31			S.Douglas31@example.com	2019-03-30	4	nonbinary woman	202
203	Naida467 Kuvalis369			N.Kuvalis369@example.com	1939-06-22	83	cisgender woman	203
204	Denita497 Tremblay80			D.Tremblay80@example.com	1994-05-03	29	nonbinary woman	204
205	Laurence43 Hermiston71			L.Hermiston71@example.com	1986-03-07	37	cisgender man	205
206	Eilene124 Lockman863			E.Lockman863@example.com	1953-04-25	70	nonbinary woman	206
207	Micah422 Boyer713			M.Boyer713@example.com	1953-02-05	70	nonbinary woman	207
208	Adam631 Zboncak558			A.Zboncak558@example.com	1974-06-03	49	cisgender man	208
209	Jake169 Runolfsson901			J.Runolfsson901@example.com	1959-04-09	64	transgender man	209
210	Maybelle917 Moore224			M.Moore224@example.com	1996-02-18	27	transgender woman	210
211	Susy776 Smitham825			S.Smitham825@example.com	1963-12-13	59	transgender woman	211
212	Particia365 Feeney44			P.Feeney44@example.com	2018-07-25	4	transgender woman	212
213	Julienne688 Parker433			J.Parker433@example.com	1981-10-10	41	cisgender woman	213
214	Tanisha724 Ward668			T.Ward668@example.com	2018-07-25	4	transgender woman	214
215	Odis959 Sipes176			O.Sipes176@example.com	1972-03-01	51	transgender man	215
216	Mignon230 Quitzon246			M.Quitzon246@example.com	1977-04-29	46	transgender woman	216
217	Gianna370 Kling921			G.Kling921@example.com	1991-08-02	31	cisgender woman	217
218	Jeanine128 Gaylord332			J.Gaylord332@example.com	2013-05-15	10	nonbinary woman	218
219	Vashti163 Wolff180			V.Wolff180@example.com	1952-10-01	70	cisgender woman	219
220	Al123 Metz686			A.Metz686@example.com	2006-10-05	16	nonbinary man	220
221	Fay398 Schuster709			F.Schuster709@example.com	1961-11-12	61	nonbinary woman	221
222	Katia630 Thiel172			K.Thiel172@example.com	1967-02-20	56	cisgender woman	222
223	Carin553 Conn188			C.Conn188@example.com	2002-12-27	20	cisgender woman	223
224	Dreama246 Doyle959			D.Doyle959@example.com	2007-10-06	15	cisgender woman	224
225	Connie24 Schowalter414			C.Schowalter414@example.com	1962-01-03	61	nonbinary woman	225
226	Shantay950 Bins636			S.Bins636@example.com	1999-01-19	24	cisgender woman	226
227	Meghann680 Smitham825			M.Smitham825@example.com	2004-08-22	18	cisgender woman	227
228	Mariano761 Ziemann98			M.Ziemann98@example.com	1980-03-28	43	transgender man	228
229	Brett333 Mante251			B.Mante251@example.com	1954-02-04	69	cisgender man	229
230	Bell723 Emmerich580			B.Emmerich580@example.com	1969-12-05	53	transgender woman	230
231	Ben667 Kessler503			B.Kessler503@example.com	1947-01-26	76	nonbinary man	231
232	Georgiann138 O'Connell601			G.O'Connell601@example.com	1944-04-02	79	nonbinary woman	232
233	Micki733 Witting912			M.Witting912@example.com	1975-02-16	48	cisgender woman	233
234	Maryalice613 Larson43			M.Larson43@example.com	1991-10-06	31	transgender woman	234
235	Carmon128 Jakubowski832			C.Jakubowski832@example.com	1947-07-12	75	transgender woman	235
236	Kala987 Rutherford999			K.Rutherford999@example.com	1961-03-14	62	cisgender woman	236
237	Tomasa683 Lehner980			T.Lehner980@example.com	1953-03-07	70	transgender woman	237
238	Golden321 Pollich983			G.Pollich983@example.com	2003-06-23	19	cisgender woman	238
239	Lionel365 Fadel536			L.Fadel536@example.com	1977-06-28	45	nonbinary man	239
240	Kristeen693 Cole117			K.Cole117@example.com	1947-07-12	75	nonbinary woman	240
241	Marcelle381 Crooks415			M.Crooks415@example.com	1961-03-14	62	transgender woman	241
242	Hsiu839 McClure239			H.McClure239@example.com	1927-04-24	96	nonbinary woman	242
243	Talisha682 Quitzon246			T.Quitzon246@example.com	1944-04-02	79	transgender woman	243
244	Marisela850 Murazik203			M.Murazik203@example.com	2015-07-19	7	nonbinary woman	244
245	Tiara667 Reinger292			T.Reinger292@example.com	1958-11-06	64	nonbinary woman	245
246	Lynette631 Walter473			L.Walter473@example.com	1953-03-07	70	nonbinary woman	246
247	Scott935 Boyer713			S.Boyer713@example.com	2008-01-18	15	cisgender man	247
248	Fausto876 Barrows492			F.Barrows492@example.com	1980-09-29	42	cisgender man	248
249	Cheryll577 Mann644			C.Mann644@example.com	1999-08-12	23	transgender woman	249
250	Juli424 Barton704			J.Barton704@example.com	1923-05-15	100	nonbinary woman	250
251	Lai148 Padberg411			L.Padberg411@example.com	1947-07-12	75	transgender woman	251
252	Ethelyn789 Kozey370			E.Kozey370@example.com	2004-09-27	18	nonbinary woman	252
253	Fausto876 Bechtelar572			F.Bechtelar572@example.com	2008-02-28	15	transgender man	253
254	Adán600 Espinosa298			A.Espinosa298@example.com	1972-06-26	50	transgender man	254
255	Libbie63 Gaylord332			L.Gaylord332@example.com	1962-07-25	60	cisgender woman	255
256	Sylvia544 West559			S.West559@example.com	2010-02-21	13	transgender woman	256
257	Lyle846 Gusikowski974			L.Gusikowski974@example.com	2014-05-22	9	nonbinary man	257
258	Milissa240 Weimann465			M.Weimann465@example.com	1923-05-15	100	cisgender woman	258
259	Jonah176 Fritsch593			J.Fritsch593@example.com	1937-09-07	85	nonbinary man	259
260	Verlie371 Fay398			V.Fay398@example.com	1927-04-24	96	nonbinary woman	260
261	Brian582 Metz686			B.Metz686@example.com	1992-11-03	30	cisgender man	261
262	Aubrey96 Lehner980			A.Lehner980@example.com	1937-09-07	85	transgender man	262
263	Raul814 Wintheiser220			R.Wintheiser220@example.com	1965-06-14	57	transgender man	263
264	Harvey63 Connelly992			H.Connelly992@example.com	1937-03-09	86	nonbinary man	264
265	Millard193 Dickens475			M.Dickens475@example.com	1996-05-01	27	transgender man	265
266	Golden321 Ebert178			G.Ebert178@example.com	1957-02-22	66	transgender woman	266
267	Morton637 Smith67			M.Smith67@example.com	1994-08-16	28	cisgender man	267
268	Agustin437 Vandervort697			A.Vandervort697@example.com	1974-05-04	49	cisgender man	268
269	James276 McClure239			J.McClure239@example.com	1988-05-12	35	cisgender woman	269
270	Wendy149 Franecki195			W.Franecki195@example.com	1963-09-03	59	transgender woman	270
271	Nanci249 Schaden604			N.Schaden604@example.com	1978-09-03	44	cisgender woman	271
272	Lucilla742 Durgan499			L.Durgan499@example.com	1923-05-15	100	transgender woman	272
273	Glenna97 Schuster709			G.Schuster709@example.com	1957-02-22	66	transgender woman	273
274	Salvador46 Lang846			S.Lang846@example.com	1937-09-07	85	cisgender man	274
275	Millie392 Crooks415			M.Crooks415@example.com	1994-05-14	29	nonbinary woman	275
276	Antonio44 Abshire638			A.Abshire638@example.com	1958-05-07	65	cisgender man	276
277	Zachariah133 Maggio310			Z.Maggio310@example.com	1970-12-24	52	nonbinary man	277
278	Guillermina633 Orellana194			G.Orellana194@example.com	1964-02-21	59	nonbinary woman	278
279	Oneida64 Kessler503			O.Kessler503@example.com	1958-09-17	64	cisgender woman	279
280	Teri144 Fritsch593			T.Fritsch593@example.com	1954-07-02	68	transgender woman	280
281	Alberto639 Casárez469			A.Casárez469@example.com	2009-08-20	13	transgender man	281
282	Simona661 McCullough561			S.McCullough561@example.com	2004-02-26	19	nonbinary woman	282
283	Sandra485 Hoppe518			S.Hoppe518@example.com	1996-12-17	26	transgender woman	283
284	Teodoro374 Dooley940			T.Dooley940@example.com	1958-05-07	65	transgender man	284
285	Katlyn29 Bashirian201			K.Bashirian201@example.com	1923-05-15	100	transgender woman	285
286	José Eduardo181 Meraz691			invalid-example.net	2007-06-28	15	invalid-example	286
287	Fletcher87 Spinka232			F.Spinka232@example.com	1980-03-16	43	nonbinary man	287
288	Leatha675 Adams676			L.Adams676@example.com	1984-01-15	39	cisgender woman	288
289	Erika442 Rosenbaum794			E.Rosenbaum794@example.com	2017-10-22	5	transgender woman	289
290	Cristie97 Johnson679			C.Johnson679@example.com	1984-11-22	38	cisgender woman	290
291	Tempie784 Bernhard322			T.Bernhard322@example.com	1971-12-23	51	nonbinary woman	291
292	Chelsey293 O'Reilly797			C.O'Reilly797@example.com	2004-08-08	18	nonbinary woman	292
293	Joe656 Howe413			J.Howe413@example.com	1940-11-15	82	transgender man	293
294	Julio255 Juárez383			J.Juárez383@example.com	1986-01-31	37	cisgender man	294
295	Leola603 Gulgowski816			L.Gulgowski816@example.com	1980-05-31	43	cisgender woman	295
296	Millard193 Stamm704			M.Stamm704@example.com	1958-12-03	64	transgender man	296
297	Forrest301 Jacobs452			F.Jacobs452@example.com	1992-10-05	30	transgender man	297
298	Latisha994 Pagac496			L.Pagac496@example.com	2009-09-19	13	transgender woman	298
299	Samual455 Prosacco716			S.Prosacco716@example.com	2004-03-07	19	cisgender man	299
300	Dorotea472 Montez99			D.Montez99@example.com	2004-12-23	18	transgender woman	300
301	Cheryll577 Luettgen772			C.Luettgen772@example.com	1923-05-15	100	transgender woman	301
302	Drew592 Lind531			D.Lind531@example.com	1993-02-25	30	transgender man	302
303	Will178 Haley279			W.Haley279@example.com	2010-11-06	12	nonbinary man	303
304	Callie226 Macejkovic424			C.Macejkovic424@example.com	1950-07-18	72	cisgender woman	304
305	Dannielle300 Cormier289			D.Cormier289@example.com	1966-03-16	57	cisgender woman	305
306	Lenny728 Turcotte120			L.Turcotte120@example.com	1980-02-14	43	cisgender man	306
307	Angila948 Huel628			A.Huel628@example.com	1963-07-14	59	nonbinary woman	307
308	Olene159 Greenholt190			O.Greenholt190@example.com	1999-04-21	24	nonbinary woman	308
309	Hyman89 Labadie908			H.Labadie908@example.com	1999-09-28	23	cisgender man	309
310	Lula998 Schulist381			L.Schulist381@example.com	1992-01-22	31	cisgender woman	310
311	Broderick767 Kozey370			B.Kozey370@example.com	1939-06-11	84	transgender man	311
312	Soraya693 Koss676			S.Koss676@example.com	2000-02-26	23	cisgender woman	312
313	Elena945 McDermott739			E.McDermott739@example.com	1959-01-19	64	nonbinary woman	313
314	Heide509 Walsh511			H.Walsh511@example.com	2002-02-17	21	nonbinary woman	314
315	Jon665 Zboncak558			J.Zboncak558@example.com	1995-10-13	27	cisgender man	315
316	Coleman27 Zboncak558			C.Zboncak558@example.com	2011-12-25	11	transgender man	316
317	Tianna963 Lehner980			T.Lehner980@example.com	1989-03-22	34	cisgender woman	317
318	Nickolas58 Lebsack687			N.Lebsack687@example.com	1980-06-02	43	cisgender man	318
319	Wilber603 Sanford861			W.Sanford861@example.com	1984-07-16	38	nonbinary man	319
320	Etta748 Adams676			E.Adams676@example.com	1923-05-15	100	transgender woman	320
321	Demetrice140 Zieme486			D.Zieme486@example.com	2015-09-18	7	transgender woman	321
322	Morton637 Hoppe518			M.Hoppe518@example.com	1939-06-11	84	transgender man	322
323	Bennie663 Rutherford999			B.Rutherford999@example.com	1992-10-09	30	nonbinary man	323
324	Clorinda310 Williamson769			C.Williamson769@example.com	1992-06-27	30	cisgender woman	324
325	Ardath226 Spinka232			A.Spinka232@example.com	1999-05-24	24	nonbinary woman	325
326	Wilma646 Crooks415			W.Crooks415@example.com	1946-01-24	77	nonbinary woman	326
327	Tomeka87 Gaylord332			T.Gaylord332@example.com	1965-10-19	57	cisgender woman	327
328	Von197 Haley279			V.Haley279@example.com	1986-03-11	37	nonbinary man	328
329	Eura647 Ferry570			E.Ferry570@example.com	1924-12-27	98	transgender woman	329
330	Francisca486 Turner526			F.Turner526@example.com	1923-05-15	100	cisgender woman	330
331	Douglas31 Kunde533			D.Kunde533@example.com	1962-10-18	60	transgender man	331
332	Lonnie913 Haley279			L.Haley279@example.com	1998-10-14	24	transgender man	332
333	Jeni110 Roob72			J.Roob72@example.com	1998-10-07	24	transgender woman	333
334	Rudy520 Baumbach677			R.Baumbach677@example.com	1977-12-10	45	transgender woman	334
335	Elroy493 Roberts511			E.Roberts511@example.com	1939-06-11	84	transgender man	335
336	Seema671 Kertzmann286			S.Kertzmann286@example.com	1973-02-27	50	cisgender woman	336
337	Rey54 Brown30			R.Brown30@example.com	1996-05-17	27	cisgender man	337
338	Phil587 Mante251			P.Mante251@example.com	2002-01-14	21	nonbinary man	338
339	Shirley182 Wunsch504			S.Wunsch504@example.com	1989-08-05	33	transgender man	339
340	Latonia966 Watsica258			L.Watsica258@example.com	2015-08-06	7	transgender woman	340
341	Mittie376 Rice937			M.Rice937@example.com	1946-01-24	77	nonbinary woman	341
342	Anton902 Heathcote539			A.Heathcote539@example.com	1987-06-18	35	cisgender man	342
343	Wenona350 Konopelski743			W.Konopelski743@example.com	1967-07-14	55	transgender woman	343
344	Tifany477 Wilderman619			T.Wilderman619@example.com	2015-09-03	7	transgender woman	344
345	Clinton763 Monahan736			C.Monahan736@example.com	1995-04-12	28	transgender man	345
346	Bradford382 Barton704			B.Barton704@example.com	1939-06-11	84	cisgender man	346
347	Sophie40 Kessler503			S.Kessler503@example.com	1979-06-21	43	cisgender woman	347
348	Nathanial472 Kuhic920			N.Kuhic920@example.com	1976-05-01	47	transgender man	348
349	Vito638 Mraz590			V.Mraz590@example.com	1955-05-06	68	nonbinary man	349
350	Eugena417 Kris249			E.Kris249@example.com	2007-08-06	15	nonbinary woman	350
351	Lyndon118 Bins636			L.Bins636@example.com	1967-10-29	55	transgender man	351
352	Barbera53 Legros616			B.Legros616@example.com	2016-10-28	6	cisgender woman	352
353	Jorge203 Chapa957			J.Chapa957@example.com	1974-09-24	48	transgender man	353
354	Marty115 Abshire638			M.Abshire638@example.com	2008-09-07	14	nonbinary woman	354
355	Asa127 Block661			invalid-example.net	1993-09-20	29	invalid-example	355
356	Valene773 Rippin620			V.Rippin620@example.com	1967-12-10	55	nonbinary woman	356
357	Sixta311 Wyman904			S.Wyman904@example.com	1988-03-22	35	transgender woman	357
358	Ty725 Beatty507			T.Beatty507@example.com	1939-06-11	84	nonbinary man	358
359	Mike230 Hahn503			M.Hahn503@example.com	2011-10-05	11	cisgender man	359
360	Ignacio928 Regalado83			I.Regalado83@example.com	1974-09-24	48	cisgender man	360
361	Danny396 Windler79			D.Windler79@example.com	2007-10-05	15	cisgender man	361
362	Felton646 Labadie908			F.Labadie908@example.com	2019-07-05	3	nonbinary man	362
363	Van763 Reinger292			V.Reinger292@example.com	1993-11-04	29	transgender man	363
364	Vanita165 Conn188			V.Conn188@example.com	1976-09-06	46	cisgender woman	364
365	Daisy746 Dach178			D.Dach178@example.com	1969-10-07	53	cisgender woman	365
366	Sherrell611 Hodkiewicz467			S.Hodkiewicz467@example.com	1969-07-16	53	cisgender woman	366
367	Jorge203 Yundt842			J.Yundt842@example.com	1939-06-11	84	nonbinary man	367
368	Tawny381 Purdy2			T.Purdy2@example.com	1982-11-18	40	transgender woman	368
369	Minta575 Graham902			M.Graham902@example.com	1989-06-22	33	transgender woman	369
370	Minh326 Cummerata161			M.Cummerata161@example.com	1962-10-05	60	cisgender man	370
371	Jerrie417 Gislason620			J.Gislason620@example.com	2005-04-13	18	cisgender woman	371
372	Paulita78 Goodwin327			P.Goodwin327@example.com	2007-04-04	16	nonbinary woman	372
373	Maxwell782 Reichel38			M.Reichel38@example.com	2002-11-27	20	transgender man	373
374	Amado512 Morar593			A.Morar593@example.com	1986-07-10	36	nonbinary man	374
375	Tanisha724 Schmidt332			T.Schmidt332@example.com	1995-02-14	28	nonbinary woman	375
376	Ellamae709 Bins636			E.Bins636@example.com	1962-12-18	60	transgender woman	376
377	Carlton317 Leffler128			C.Leffler128@example.com	2017-04-08	6	nonbinary man	377
378	Sanford861 Fritsch593			S.Fritsch593@example.com	1923-06-22	99	cisgender man	378
379	Gary33 Zulauf375			G.Zulauf375@example.com	1958-09-22	64	transgender man	379
380	Moses679 Greenholt190			M.Greenholt190@example.com	1989-07-22	33	transgender man	380
381	Kellye282 Schuppe920			K.Schuppe920@example.com	1964-10-30	58	transgender woman	381
382	Eddie505 Reichert620			E.Reichert620@example.com	1967-05-31	56	transgender woman	382
383	Timoteo39 Rico947			T.Rico947@example.com	1954-06-05	69	transgender man	383
384	Teresita257 Rosenbaum794			T.Rosenbaum794@example.com	1981-11-11	41	cisgender woman	384
385	Roy364 Powlowski563			R.Powlowski563@example.com	1949-03-16	74	transgender man	385
386	Magaret757 Champlin946			M.Champlin946@example.com	1955-03-04	68	transgender woman	386
387	David908 Bernal586			D.Bernal586@example.com	1960-01-19	63	nonbinary man	387
388	Geoffrey157 Altenwerth646			G.Altenwerth646@example.com	1976-05-15	47	nonbinary man	388
389	Eustolia154 Hagenes547			E.Hagenes547@example.com	1975-06-05	48	transgender woman	389
390	Andre610 Tremblay80			A.Tremblay80@example.com	1962-10-02	60	cisgender man	390
391	Merrill415 Wilderman619			M.Wilderman619@example.com	1971-03-19	52	transgender woman	391
392	Regan713 Parisian75			R.Parisian75@example.com	1967-05-31	56	nonbinary woman	392
393	Filiberto722 Kerluke267			F.Kerluke267@example.com	1940-10-29	82	nonbinary man	393
394	Kaye394 Hilpert278			K.Hilpert278@example.com	1955-03-04	68	transgender woman	394
395	Katerine813 Kassulke119			K.Kassulke119@example.com	1973-02-07	50	cisgender woman	395
396	Wenona350 Dach178			W.Dach178@example.com	1975-06-05	48	transgender woman	396
397	Corey514 Parker433			C.Parker433@example.com	1949-03-16	74	nonbinary man	397
398	Aron520 Frami345			A.Frami345@example.com	1962-10-02	60	transgender man	398
399	Florencio463 Terry864			F.Terry864@example.com	2011-03-11	12	cisgender man	399
400	Jc393 Waters156			J.Waters156@example.com	1999-09-02	23	cisgender man	400
401	Valentin929 Grady603			V.Grady603@example.com	1963-05-17	60	transgender man	401
402	Ronald408 Mante251			R.Mante251@example.com	1942-05-23	81	nonbinary man	402
403	Mickey576 Corwin846			M.Corwin846@example.com	1955-03-04	68	cisgender woman	403
404	Armando772 Swaniawski813			A.Swaniawski813@example.com	1940-10-29	82	nonbinary man	404
405	Hayden835 Schuster709			H.Schuster709@example.com	1968-06-06	55	cisgender man	405
406	Kelvin159 Powlowski563			K.Powlowski563@example.com	1950-04-11	73	nonbinary man	406
407	Lorrine765 Glover433			L.Glover433@example.com	1973-11-15	49	nonbinary woman	407
408	Kendra609 Hills818			K.Hills818@example.com	1949-03-02	74	cisgender woman	408
409	Lupita673 Greenfelder433			L.Greenfelder433@example.com	1997-08-20	25	transgender woman	409
410	Federico589 Treutel973			F.Treutel973@example.com	1942-05-23	81	cisgender man	410
411	Glendora96 Thompson596			G.Thompson596@example.com	1975-01-10	48	cisgender woman	411
412	Shaunte610 Franecki195			S.Franecki195@example.com	1937-02-17	86	cisgender woman	412
413	Clair921 Fritsch593			C.Fritsch593@example.com	1955-03-04	68	transgender woman	413
414	Colin861 Thiel172			C.Thiel172@example.com	1960-04-04	63	nonbinary man	414
415	Gale827 Reynolds644			G.Reynolds644@example.com	1940-10-29	82	nonbinary man	415
416	Cristopher265 Runolfsson901			C.Runolfsson901@example.com	1983-06-21	39	transgender man	416
417	Bobby524 Robel940			B.Robel940@example.com	2013-09-08	9	cisgender woman	417
418	Clark193 Daugherty69			C.Daugherty69@example.com	1986-07-11	36	cisgender man	418
419	Donovan745 Kiehn525			D.Kiehn525@example.com	1985-11-06	37	cisgender man	419
420	Cristobal567 Upton904			C.Upton904@example.com	1940-05-14	83	cisgender man	420
421	Milton509 Brakus656			M.Brakus656@example.com	1913-05-30	110	nonbinary man	421
422	Vanna750 Denesik803			V.Denesik803@example.com	1992-04-30	31	transgender woman	422
423	Wilton999 Heidenreich818			W.Heidenreich818@example.com	1976-05-19	47	nonbinary man	423
424	Logan497 Torp761			L.Torp761@example.com	1913-05-30	110	nonbinary man	424
425	Ross213 Torphy630			R.Torphy630@example.com	2018-10-07	4	transgender man	425
426	Lino542 Cronin387			L.Cronin387@example.com	1942-05-23	81	transgender man	426
427	Burl285 Wilkinson796			B.Wilkinson796@example.com	1958-03-28	65	nonbinary man	427
428	Elliott563 Towne435			E.Towne435@example.com	1940-10-29	82	cisgender man	428
429	Debbie941 Zieme486			D.Zieme486@example.com	1972-11-13	50	transgender woman	429
430	Salvatore257 Roberts511			S.Roberts511@example.com	1997-05-20	26	nonbinary man	430
431	Sun500 Conroy74			S.Conroy74@example.com	2019-05-25	4	nonbinary woman	431
432	Ethelyn789 Nienow652			E.Nienow652@example.com	2009-06-25	13	nonbinary woman	432
433	Stewart672 Bailey598			S.Bailey598@example.com	1967-10-14	55	nonbinary man	433
434	William805 Kessler503			W.Kessler503@example.com	1913-05-30	110	nonbinary man	434
435	Williemae619 Daniel959			W.Daniel959@example.com	1964-02-07	59	nonbinary woman	435
436	Taisha184 Balistreri607			T.Balistreri607@example.com	1946-12-07	76	cisgender woman	436
437	Alonso270 Gerhold939			A.Gerhold939@example.com	1942-05-23	81	transgender man	437
438	Cristie97 Kiehn525			C.Kiehn525@example.com	1955-12-19	67	nonbinary woman	438
439	Leandra549 Rippin620			L.Rippin620@example.com	1987-03-29	36	nonbinary woman	439
440	Reyna401 Shanahan202			R.Shanahan202@example.com	1949-02-26	74	transgender woman	440
441	Daina567 Lubowitz58			D.Lubowitz58@example.com	1973-04-21	50	nonbinary woman	441
442	Fatima244 Kuhlman484			F.Kuhlman484@example.com	2012-05-25	11	cisgender woman	442
443	Lindsay928 Greenholt190			L.Greenholt190@example.com	1997-09-13	25	nonbinary man	443
444	Inés791 Miramontes145			I.Miramontes145@example.com	1989-04-30	34	cisgender woman	444
445	Jamaal34 Friesen796			J.Friesen796@example.com	1942-05-23	81	transgender man	445
446	Ta701 Jaskolski867			T.Jaskolski867@example.com	2008-10-13	14	nonbinary woman	446
447	Greg949 Mayer370			G.Mayer370@example.com	1990-10-01	32	nonbinary man	447
448	Chan58 Dare640			C.Dare640@example.com	1993-01-09	30	transgender woman	448
449	Nanci249 Beahan375			N.Beahan375@example.com	2013-01-10	10	cisgender woman	449
450	Ricky354 Funk324			R.Funk324@example.com	1913-05-30	110	cisgender man	450
451	Velma961 Kutch271			V.Kutch271@example.com	1964-11-30	58	cisgender woman	451
452	Jacob959 Daniel959			J.Daniel959@example.com	1979-08-19	43	transgender man	452
453	Alberto639 Schiller186			A.Schiller186@example.com	1995-11-20	27	nonbinary man	453
454	Jacques50 Leannon79			J.Leannon79@example.com	1952-03-01	71	transgender man	454
455	Hye44 Barton704			H.Barton704@example.com	2000-09-16	22	nonbinary woman	455
456	Joi660 Donnelly343			J.Donnelly343@example.com	1994-09-25	28	nonbinary woman	456
457	Ronald408 Brown30			R.Brown30@example.com	2003-01-25	20	transgender man	457
458	Scotty190 Spencer878			S.Spencer878@example.com	1939-06-22	83	cisgender man	458
459	Gaston250 Muller251			G.Muller251@example.com	1979-12-14	43	transgender man	459
460	Venus149 Hodkiewicz467			V.Hodkiewicz467@example.com	2000-11-08	22	transgender woman	460
461	Lonnie913 Gusikowski974			L.Gusikowski974@example.com	1913-05-30	110	transgender man	461
462	Madelene819 Anderson154			M.Anderson154@example.com	1958-09-09	64	cisgender woman	462
463	Cortez851 Brown30			C.Brown30@example.com	1977-12-01	45	cisgender man	463
464	Mack300 Wisoky380			M.Wisoky380@example.com	1951-04-08	72	nonbinary man	464
465	Shon148 Mueller846			S.Mueller846@example.com	1974-11-14	48	nonbinary man	465
466	Miesha237 Wyman904			M.Wyman904@example.com	1971-01-16	52	transgender woman	466
467	Reginald96 Kunze215			R.Kunze215@example.com	1935-10-27	87	cisgender man	467
468	Elmo857 Hackett68			E.Hackett68@example.com	1939-06-22	83	transgender man	468
469	Felecia131 Franecki195			F.Franecki195@example.com	1973-01-17	50	cisgender woman	469
470	Brooks264 Weimann465			B.Weimann465@example.com	1984-05-10	39	transgender man	470
471	Jae222 Stanton715			J.Stanton715@example.com	1993-02-06	30	transgender man	471
472	Esteban536 Gorczany269			E.Gorczany269@example.com	1986-02-01	37	cisgender man	472
473	Darrick836 Hoppe518			D.Hoppe518@example.com	1913-05-30	110	nonbinary man	473
474	Cherrie404 Nicolas769			C.Nicolas769@example.com	1988-02-14	35	nonbinary woman	474
475	Cornell131 Goyette777			C.Goyette777@example.com	1993-03-01	30	cisgender man	475
476	Maragaret140 Weimann465			M.Weimann465@example.com	2008-09-27	14	cisgender woman	476
477	Alton320 Bauch723			A.Bauch723@example.com	1997-05-19	26	nonbinary man	477
478	Quintin944 Jenkins714			Q.Jenkins714@example.com	2009-01-23	14	nonbinary man	478
479	Rafaela464 Kautzer186			R.Kautzer186@example.com	2010-07-27	12	transgender woman	479
480	Odell776 Abshire638			O.Abshire638@example.com	1987-02-06	36	cisgender man	480
481	Sheldon401 Powlowski563			S.Powlowski563@example.com	1955-03-05	68	transgender man	481
482	Antonia30 McKenzie376			A.McKenzie376@example.com	1939-06-22	83	nonbinary man	482
483	Augustine565 Bruen238			A.Bruen238@example.com	1978-07-05	44	nonbinary man	483
484	Teddy976 Cremin516			T.Cremin516@example.com	1942-05-23	81	cisgender man	484
485	Daron260 Emard19			D.Emard19@example.com	1998-02-15	25	transgender man	485
486	Bao544 Gutmann970			B.Gutmann970@example.com	1943-02-21	80	nonbinary woman	486
487	Jeannette562 Ankunding277			J.Ankunding277@example.com	2016-09-26	6	nonbinary woman	487
488	Beatriz277 Lebrón484			B.Lebrón484@example.com	2009-06-12	14	cisgender woman	488
489	Wilbert25 Hirthe744			W.Hirthe744@example.com	1963-08-07	59	nonbinary man	489
490	Humberto482 Gulgowski816			H.Gulgowski816@example.com	1935-08-14	87	nonbinary man	490
491	Mina319 Gusikowski974			M.Gusikowski974@example.com	1954-10-15	68	nonbinary woman	491
492	Benton624 Boyle917			B.Boyle917@example.com	1986-03-01	37	cisgender man	492
493	Darren774 Keebler762			D.Keebler762@example.com	2008-04-25	15	nonbinary man	493
494	Dannette613 Bartoletti50			D.Bartoletti50@example.com	1965-07-08	57	cisgender woman	494
495	Grady603 Hilpert278			G.Hilpert278@example.com	1997-08-05	25	transgender man	495
496	Theodore876 Konopelski743			T.Konopelski743@example.com	1963-08-07	59	cisgender man	496
497	Jenise920 Boyer713			J.Boyer713@example.com	1971-06-14	51	nonbinary woman	497
498	Jefferey580 Goldner995			J.Goldner995@example.com	1988-04-28	35	cisgender man	498
499	Polly738 Romaguera67			P.Romaguera67@example.com	2005-03-28	18	cisgender woman	499
500	Fredric73 Douglas31			F.Douglas31@example.com	2018-09-29	4	transgender man	500
501	Earle679 Barton704			E.Barton704@example.com	1992-03-23	31	transgender man	501
502	Filiberto722 Adams676			F.Adams676@example.com	1942-05-23	81	transgender man	502
503	Ingrid581 Prohaska837			I.Prohaska837@example.com	1946-09-20	76	cisgender woman	503
504	Mónica985 Hernandes724			M.Hernandes724@example.com	2018-07-16	4	nonbinary woman	504
505	Eugenio846 Rippin620			E.Rippin620@example.com	1995-03-14	28	cisgender man	505
506	Cyril535 Abbott774			C.Abbott774@example.com	1973-10-26	49	transgender man	506
507	Janean397 Keeling57			J.Keeling57@example.com	1966-09-04	56	transgender woman	507
508	Agustin437 Schmidt332			A.Schmidt332@example.com	1981-09-09	41	cisgender man	508
509	Argentina169 Rosenbaum794			A.Rosenbaum794@example.com	2013-06-08	10	cisgender woman	509
510	Elisa944 Ballesteros368			E.Ballesteros368@example.com	1972-04-25	51	cisgender woman	510
511	Kelvin159 Yundt842			K.Yundt842@example.com	1958-11-02	64	transgender man	511
512	Homero668 Reyes140			H.Reyes140@example.com	1987-03-18	36	nonbinary man	512
513	Keenan632 Wolf938			K.Wolf938@example.com	1942-05-23	81	nonbinary man	513
514	Marcela739 Tamayo777			M.Tamayo777@example.com	2009-04-22	14	cisgender woman	514
515	Jasper743 Muller251			J.Muller251@example.com	1991-01-08	32	transgender man	515
516	Kendal125 Bartoletti50			K.Bartoletti50@example.com	1974-01-13	49	cisgender woman	516
517	Sharmaine326 Schmeler639			S.Schmeler639@example.com	2010-11-04	12	transgender woman	517
518	Maynard46 Roberts511			M.Roberts511@example.com	1951-05-16	72	nonbinary man	518
519	Benton624 Morissette863			B.Morissette863@example.com	1942-05-23	81	cisgender man	519
520	Elliot577 Hane680			E.Hane680@example.com	1958-11-02	64	transgender man	520
521	Ethelyn789 Wehner319			E.Wehner319@example.com	2004-09-16	18	cisgender woman	521
522	Yuko264 O'Conner199			Y.O'Conner199@example.com	1972-05-10	51	transgender woman	522
523	Angelina101 Mills423			A.Mills423@example.com	2002-07-29	20	nonbinary woman	523
524	Salina386 Christiansen251			S.Christiansen251@example.com	1962-02-13	61	nonbinary woman	524
525	Orval846 Gaylord332			O.Gaylord332@example.com	1962-02-13	61	nonbinary man	525
526	Dean966 Heathcote539			D.Heathcote539@example.com	2017-02-05	6	cisgender man	526
527	Mauro926 Kiehn525			M.Kiehn525@example.com	1994-06-16	28	transgender man	527
528	Cameron381 Lockman863			C.Lockman863@example.com	1981-06-20	41	nonbinary woman	528
529	Shaniqua618 Mertz280			S.Mertz280@example.com	2019-10-16	3	cisgender woman	529
530	Mardell937 Ankunding277			M.Ankunding277@example.com	1959-10-17	63	nonbinary woman	530
531	Terese90 Lehner980			T.Lehner980@example.com	1958-01-18	65	nonbinary woman	531
532	Mayte822 Candelaria844			M.Candelaria844@example.com	1962-10-25	60	transgender woman	532
533	Marcellus830 Lemke654			M.Lemke654@example.com	1942-05-23	81	cisgender man	533
534	Awilda854 Skiles927			A.Skiles927@example.com	1968-11-29	54	nonbinary woman	534
535	Kit446 Lang846			K.Lang846@example.com	1985-02-13	38	cisgender woman	535
536	Norma469 Mayer370			N.Mayer370@example.com	1989-08-19	33	nonbinary woman	536
537	Winona266 Reinger292			W.Reinger292@example.com	1994-04-21	29	nonbinary woman	537
538	Ona426 Dooley940			O.Dooley940@example.com	2001-11-20	21	nonbinary woman	538
539	Jessie665 Hegmann834			J.Hegmann834@example.com	1995-06-29	27	cisgender man	539
540	Agueda283 O'Reilly797			A.O'Reilly797@example.com	1993-05-03	30	cisgender woman	540
541	Patrick786 Farrell962			P.Farrell962@example.com	1966-07-06	56	cisgender man	541
542	Gerard367 Blick895			G.Blick895@example.com	1953-01-20	70	nonbinary man	542
543	Ángela136 Figueroa648			Á.Figueroa648@example.com	2002-07-01	20	cisgender woman	543
544	Reyes140 Rath779			R.Rath779@example.com	2017-12-03	5	nonbinary man	544
545	Jeannie478 VonRueden376			J.VonRueden376@example.com	1993-05-03	30	cisgender woman	545
546	Sharleen176 Kulas532			S.Kulas532@example.com	1909-12-22	113	transgender woman	546
547	Brittni468 Grimes165			B.Grimes165@example.com	1949-09-04	73	nonbinary woman	547
548	Chas63 Lebsack687			C.Lebsack687@example.com	1969-05-22	54	nonbinary man	548
549	Valrie435 Mertz280			V.Mertz280@example.com	1981-05-26	42	cisgender woman	549
550	Mina319 Ullrich385			M.Ullrich385@example.com	1983-08-11	39	transgender woman	550
551	Monte325 Maggio310			M.Maggio310@example.com	1975-09-14	47	transgender man	551
552	Clint766 Deckow585			C.Deckow585@example.com	1988-11-22	34	nonbinary man	552
553	Rosario163 Conn188			R.Conn188@example.com	1953-01-20	70	nonbinary man	553
554	Rosario163 Labadie908			R.Labadie908@example.com	1960-12-27	62	transgender man	554
555	Earl438 Friesen796			E.Friesen796@example.com	2005-10-15	17	transgender man	555
556	Francisco472 Burgos636			F.Burgos636@example.com	1972-12-05	50	transgender man	556
557	Keenan632 Hoeger474			K.Hoeger474@example.com	1977-01-21	46	transgender man	557
558	Tonja658 Jast432			T.Jast432@example.com	1949-09-04	73	nonbinary woman	558
559	Burton124 Hermann103			B.Hermann103@example.com	2011-11-20	11	cisgender man	559
560	Drew592 Hegmann834			D.Hegmann834@example.com	2001-08-08	21	transgender woman	560
561	Vallie201 Prohaska837			V.Prohaska837@example.com	1915-10-24	107	cisgender woman	561
562	Jan231 Bauch723			J.Bauch723@example.com	1967-11-27	55	cisgender woman	562
563	Juan88 Larkin917			J.Larkin917@example.com	1982-10-06	40	transgender man	563
564	Paulene52 McCullough561			P.McCullough561@example.com	1942-07-23	80	transgender woman	564
565	Xavier983 Steuber698			X.Steuber698@example.com	1953-01-20	70	transgender man	565
566	Stefania815 O'Kon634			S.O'Kon634@example.com	1966-12-05	56	transgender woman	566
567	Ghislaine112 Kub800			G.Kub800@example.com	1997-01-06	26	cisgender woman	567
568	Laura391 Bergstrom287			L.Bergstrom287@example.com	1968-10-14	54	transgender woman	568
569	Karey608 Erdman779			K.Erdman779@example.com	1967-11-27	55	cisgender woman	569
570	Starla601 Cummerata161			S.Cummerata161@example.com	1980-12-15	42	transgender woman	570
571	Brady998 Wisoky380			B.Wisoky380@example.com	2008-04-28	15	nonbinary man	571
572	Vanda440 Dooley940			V.Dooley940@example.com	1942-07-23	80	nonbinary woman	572
573	Shanae34 Wiegand701			S.Wiegand701@example.com	1958-01-07	65	transgender woman	573
574	Enedina292 Macejkovic424			E.Macejkovic424@example.com	1915-10-24	107	cisgender woman	574
575	Leonie332 Douglas31			L.Douglas31@example.com	1992-05-15	31	cisgender woman	575
576	Malia984 Kuhic920			M.Kuhic920@example.com	1963-02-23	60	cisgender woman	576
577	Earleen680 Huels583			E.Huels583@example.com	1992-10-05	30	cisgender woman	577
578	Izola651 Ebert178			I.Ebert178@example.com	1956-08-18	66	nonbinary woman	578
579	Beau391 Bode78			B.Bode78@example.com	1999-02-26	24	nonbinary man	579
580	Sina65 Wiegand701			S.Wiegand701@example.com	1964-08-28	58	transgender woman	580
581	Josiah310 Leffler128			J.Leffler128@example.com	2004-08-25	18	cisgender man	581
582	Niki25 Doyle959			N.Doyle959@example.com	2007-03-22	16	transgender woman	582
583	Judy192 Torphy630			J.Torphy630@example.com	1942-07-23	80	transgender woman	583
584	Hermine424 Bernier607			H.Bernier607@example.com	1999-03-22	24	transgender woman	584
585	Wilber603 Lang846			W.Lang846@example.com	1983-05-12	40	nonbinary man	585
586	Sheba703 Ziemann98			S.Ziemann98@example.com	1990-07-01	32	transgender woman	586
587	Mose244 Bauch723			M.Bauch723@example.com	2000-12-16	22	cisgender man	587
588	Twanna669 Hand679			T.Hand679@example.com	2015-06-14	7	transgender woman	588
589	Jeane173 Robel940			J.Robel940@example.com	1975-02-04	48	transgender woman	589
590	Damon455 Zulauf375			D.Zulauf375@example.com	1992-12-17	30	nonbinary man	590
591	Agustín529 Chavarría957			A.Chavarría957@example.com	1995-06-11	28	nonbinary man	591
592	Deon400 Fadel536			D.Fadel536@example.com	1967-05-17	56	nonbinary man	592
593	José Luis472 Villalobos491			J.Villalobos491@example.com	1972-12-19	50	transgender man	593
594	Verónica383 Almanza534			V.Almanza534@example.com	1997-07-18	25	cisgender woman	594
595	Kasey569 Herman763			K.Herman763@example.com	1993-05-17	30	cisgender man	595
596	Rowena386 Borer986			R.Borer986@example.com	1980-05-06	43	cisgender woman	596
597	Jenise920 Abshire638			J.Abshire638@example.com	2004-07-08	18	nonbinary woman	597
598	Jacques50 Swift555			J.Swift555@example.com	1939-01-25	84	nonbinary man	598
599	Sara501 Arreola736			S.Arreola736@example.com	1973-06-10	50	cisgender woman	599
600	Janelle257 Gorczany269			J.Gorczany269@example.com	1980-03-15	43	cisgender woman	600
601	Shala169 Keeling57			S.Keeling57@example.com	1955-03-31	68	cisgender woman	601
602	Florinda19 Strosin214			F.Strosin214@example.com	1975-01-25	48	transgender woman	602
603	Juliana372 Ward668			J.Ward668@example.com	1977-05-13	46	nonbinary woman	603
604	Particia365 Effertz744			P.Effertz744@example.com	1979-12-25	43	cisgender woman	604
605	Kraig824 Hane680			K.Hane680@example.com	1990-05-23	33	nonbinary man	605
606	Adan632 King743			A.King743@example.com	1952-05-07	71	transgender man	606
607	Ofelia194 Eichmann909			O.Eichmann909@example.com	1949-08-02	73	cisgender woman	607
608	Sharilyn202 Romaguera67			S.Romaguera67@example.com	1946-06-24	76	nonbinary woman	608
609	Vickey217 Hermann103			V.Hermann103@example.com	2017-12-04	5	cisgender woman	609
610	Maddie576 McDermott739			M.McDermott739@example.com	1988-02-11	35	nonbinary woman	610
611	Armand155 Schmeler639			A.Schmeler639@example.com	2002-11-26	20	cisgender man	611
612	Timothy142 Runolfsdottir785			T.Runolfsdottir785@example.com	1986-04-02	37	nonbinary man	612
613	Collin529 Beatty507			C.Beatty507@example.com	1991-09-12	31	nonbinary man	613
614	Brooks264 Hirthe744			B.Hirthe744@example.com	2013-03-26	10	cisgender man	614
615	Shanda945 Ferry570			S.Ferry570@example.com	2010-07-01	12	transgender woman	615
616	Earnest658 Larkin917			E.Larkin917@example.com	1998-08-30	24	cisgender man	616
617	Stasia733 Kirlin939			S.Kirlin939@example.com	1998-12-14	24	transgender woman	617
618	Oretha285 Ondricka197			O.Ondricka197@example.com	1978-03-25	45	transgender woman	618
619	Galen747 Keeling57			G.Keeling57@example.com	1986-04-02	37	nonbinary man	619
620	Irina619 Rice937			I.Rice937@example.com	1928-01-31	95	nonbinary woman	620
621	Oliver401 Davis923			O.Davis923@example.com	1991-10-27	31	transgender man	621
622	Melodee943 Prohaska837			M.Prohaska837@example.com	2016-01-15	7	transgender woman	622
623	Harmony242 Christiansen251			H.Christiansen251@example.com	1966-10-01	56	cisgender woman	623
624	Marion502 Toy286			M.Toy286@example.com	2008-07-17	14	cisgender man	624
625	Maryland870 Welch179			M.Welch179@example.com	1971-07-21	51	nonbinary woman	625
626	Chi716 Sipes176			C.Sipes176@example.com	1961-03-12	62	cisgender man	626
627	Weldon459 McGlynn426			W.McGlynn426@example.com	1958-05-20	65	nonbinary man	627
628	Danial835 D'Amore443			D.D'Amore443@example.com	1962-05-15	61	cisgender man	628
629	Chandra831 Smith67			C.Smith67@example.com	2000-11-30	22	nonbinary woman	629
630	Lisha487 Mayert710			L.Mayert710@example.com	1942-02-05	81	transgender woman	630
631	Gilbert263 Parisian75			G.Parisian75@example.com	1970-04-23	53	transgender man	631
632	Soledad678 Duarte203			S.Duarte203@example.com	1973-08-17	49	nonbinary woman	632
633	Tula326 Kshlerin58			T.Kshlerin58@example.com	2010-08-14	12	nonbinary woman	633
634	Aleisha941 Douglas31			A.Douglas31@example.com	1976-08-07	46	nonbinary woman	634
635	Chong355 Hickle134			C.Hickle134@example.com	1959-06-03	64	nonbinary man	635
636	Sun500 Pouros728			S.Pouros728@example.com	1999-06-17	23	transgender woman	636
637	Mayra756 Nolan344			M.Nolan344@example.com	1998-04-20	25	transgender woman	637
638	Leonie332 Feil794			L.Feil794@example.com	1965-01-08	58	transgender woman	638
639	Imogene688 Friesen796			I.Friesen796@example.com	2014-10-16	8	transgender woman	639
640	Lonny638 Reinger292			L.Reinger292@example.com	2013-07-20	9	transgender man	640
641	Sergio619 Wolff180			S.Wolff180@example.com	1948-05-19	75	transgender man	641
642	Rebekah348 Padberg411			R.Padberg411@example.com	1988-05-29	35	cisgender woman	642
643	Thalia561 Paucek755			T.Paucek755@example.com	2000-10-14	22	nonbinary woman	643
644	Eileen854 Gulgowski816			E.Gulgowski816@example.com	1995-11-24	27	cisgender woman	644
645	Shawana711 Frami345			S.Frami345@example.com	1994-07-31	28	nonbinary woman	645
646	Delana41 Nikolaus26			D.Nikolaus26@example.com	1977-10-02	45	transgender woman	646
647	Tyler508 Hammes673			T.Hammes673@example.com	2013-08-20	9	transgender man	647
648	Connie24 Morar593			C.Morar593@example.com	1959-01-28	64	nonbinary woman	648
649	Cody889 Ruecker817			C.Ruecker817@example.com	1948-05-19	75	nonbinary man	649
650	Avery919 Murphy561			A.Murphy561@example.com	1981-05-05	42	transgender man	650
651	Scott935 MacGyver246			S.MacGyver246@example.com	1987-01-13	36	transgender woman	651
652	Siobhan540 Walker122			S.Walker122@example.com	1951-04-05	72	nonbinary woman	652
653	Gretchen912 Watsica258			G.Watsica258@example.com	1969-04-04	54	nonbinary woman	653
654	Erin498 Kautzer186			E.Kautzer186@example.com	2012-02-25	11	cisgender woman	654
655	Alyce744 Prohaska837			A.Prohaska837@example.com	2009-10-16	13	nonbinary woman	655
656	Esther279 Wolf938			E.Wolf938@example.com	1966-06-17	56	transgender woman	656
657	Bobbie849 Boyer713			B.Boyer713@example.com	1977-09-28	45	cisgender woman	657
658	Judith460 Legros616			J.Legros616@example.com	1959-01-05	64	cisgender woman	658
659	Jaunita130 Nolan344			J.Nolan344@example.com	1951-04-05	72	nonbinary woman	659
660	Mickey576 Maggio310			M.Maggio310@example.com	1925-04-22	98	transgender man	660
661	Sherlyn657 Luettgen772			S.Luettgen772@example.com	1925-03-23	98	nonbinary woman	661
662	Homer307 Mayer370			H.Mayer370@example.com	1984-09-14	38	nonbinary man	662
663	Demetria799 Halvorson124			D.Halvorson124@example.com	1973-12-20	49	nonbinary woman	663
664	Boris111 Marks830			B.Marks830@example.com	1925-04-22	98	nonbinary man	664
665	Annalisa973 Schaefer657			A.Schaefer657@example.com	1981-06-26	41	transgender woman	665
666	Alphonso102 Zulauf375			A.Zulauf375@example.com	1911-12-23	111	transgender man	666
667	Araceli695 Reichel38			A.Reichel38@example.com	1925-03-23	98	cisgender woman	667
668	Morgan564 Dietrich576			M.Dietrich576@example.com	1992-07-25	30	nonbinary man	668
669	Zita788 Green467			Z.Green467@example.com	2004-12-09	18	nonbinary woman	669
670	Herb645 Baumbach677			H.Baumbach677@example.com	1925-04-22	98	transgender man	670
671	Rafael239 Hills818			R.Hills818@example.com	1911-12-23	111	cisgender man	671
672	Tabetha269 Predovic534			T.Predovic534@example.com	1961-11-08	61	cisgender woman	672
673	Ty725 Schmeler639			T.Schmeler639@example.com	1977-11-18	45	transgender man	673
674	Nigel915 Green467			N.Green467@example.com	1930-03-26	93	transgender man	674
675	Mohammad578 Nikolaus26			M.Nikolaus26@example.com	1951-07-20	71	nonbinary man	675
676	Mercedes82 Patiño436			M.Patiño436@example.com	1982-06-21	40	nonbinary woman	676
677	Jenell974 Deckow585			J.Deckow585@example.com	2016-12-29	6	cisgender woman	677
678	Janyce124 Schuster709			J.Schuster709@example.com	1999-04-25	24	cisgender woman	678
679	Leo278 Senger904			L.Senger904@example.com	2017-08-18	5	nonbinary woman	679
680	Sheldon401 Blick895			S.Blick895@example.com	1925-04-22	98	transgender man	680
681	Marta91 Swift555			M.Swift555@example.com	1995-10-15	27	nonbinary woman	681
682	Victoria535 Mares644			V.Mares644@example.com	1982-06-21	40	transgender woman	682
683	Luz785 Cedillo160			L.Cedillo160@example.com	1961-12-10	61	nonbinary woman	683
684	Mario764 Bahringer146			M.Bahringer146@example.com	1970-04-10	53	nonbinary man	684
685	Kelsie51 Becker968			K.Becker968@example.com	1961-11-08	61	nonbinary woman	685
686	Noble66 Pagac496			N.Pagac496@example.com	2008-08-31	14	transgender man	686
687	Santos184 Fay398			S.Fay398@example.com	1911-12-23	111	cisgender man	687
688	Ted955 Altenwerth646			T.Altenwerth646@example.com	1925-04-22	98	transgender man	688
689	Caron739 Will178			C.Will178@example.com	1989-03-02	34	nonbinary woman	689
690	Herschel574 Wilkinson796			H.Wilkinson796@example.com	1978-10-16	44	cisgender man	690
691	Gracia333 Aufderhar910			G.Aufderhar910@example.com	2016-07-16	6	transgender woman	691
692	Eduardo902 Crona259			E.Crona259@example.com	2018-07-01	4	transgender man	692
693	Lavonna163 Paucek755			L.Paucek755@example.com	2018-09-05	4	cisgender woman	693
694	Gwenn701 Runolfsson901			G.Runolfsson901@example.com	2017-03-06	6	nonbinary woman	694
695	Pat3 Howell947			P.Howell947@example.com	2005-10-12	17	cisgender man	695
696	Teisha100 Lockman863			T.Lockman863@example.com	2006-08-15	16	transgender woman	696
697	Katheryn92 Douglas31			K.Douglas31@example.com	2002-05-16	21	nonbinary woman	697
698	Laine739 Langworth352			L.Langworth352@example.com	1961-11-08	61	cisgender woman	698
699	Cathie710 Beatty507			C.Beatty507@example.com	2016-11-21	6	cisgender woman	699
700	Haywood675 Jast432			H.Jast432@example.com	1987-03-11	36	cisgender man	700
701	Ethan766 Grant908			E.Grant908@example.com	1925-04-22	98	nonbinary man	701
702	Jim478 Abbott774			J.Abbott774@example.com	1956-07-10	66	nonbinary man	702
703	Luigi346 Schultz619			L.Schultz619@example.com	1935-11-29	87	cisgender man	703
704	Cruz300 O'Keefe54			C.O'Keefe54@example.com	1972-03-16	51	cisgender man	704
705	Quinton758 Conn188			Q.Conn188@example.com	2015-01-28	8	nonbinary man	705
706	Augustine565 Emard19			A.Emard19@example.com	1984-02-23	39	transgender man	706
707	Franklyn361 Bartoletti50			F.Bartoletti50@example.com	1949-07-06	73	nonbinary man	707
708	Wilber603 Schinner682			W.Schinner682@example.com	1950-09-24	72	nonbinary man	708
709	Deetta949 Greenholt190			D.Greenholt190@example.com	1985-11-07	37	nonbinary woman	709
710	Refugia211 Wintheiser220			R.Wintheiser220@example.com	2018-06-23	4	transgender woman	710
711	Dick869 Trantow673			D.Trantow673@example.com	1925-04-22	98	cisgender man	711
712	Carlota980 Stracke611			C.Stracke611@example.com	1939-01-10	84	nonbinary woman	712
713	Margit604 D'Amore443			M.D'Amore443@example.com	1968-02-14	55	transgender woman	713
714	Christian753 Williamson769			C.Williamson769@example.com	2000-07-25	22	cisgender man	714
715	Reyes140 Wiza601			R.Wiza601@example.com	1911-11-19	111	nonbinary man	715
716	Heath320 Price929			H.Price929@example.com	1950-09-24	72	nonbinary man	716
717	Alda400 Kris249			A.Kris249@example.com	1949-03-27	74	transgender woman	717
718	Buford910 Lynch190			B.Lynch190@example.com	2003-07-05	19	transgender man	718
719	Winford225 Hoeger474			W.Hoeger474@example.com	2000-05-15	23	cisgender man	719
720	Marian936 Thompson596			M.Thompson596@example.com	1963-04-26	60	cisgender woman	720
721	Laverne101 Hills818			L.Hills818@example.com	1972-05-20	51	nonbinary man	721
722	Wilson960 Herzog843			W.Herzog843@example.com	2009-12-25	13	transgender man	722
723	Orval846 Grimes165			O.Grimes165@example.com	1974-07-23	48	cisgender man	723
724	Kay203 Muller251			K.Muller251@example.com	2008-09-19	14	transgender woman	724
725	Merideth332 Littel644			M.Littel644@example.com	1971-04-30	52	nonbinary woman	725
726	Von197 Powlowski563			V.Powlowski563@example.com	1973-07-22	49	nonbinary man	726
727	Evan94 Rodriguez71			E.Rodriguez71@example.com	1911-11-19	111	cisgender man	727
728	Tuan998 Wintheiser220			T.Wintheiser220@example.com	1982-07-20	40	transgender man	728
729	Apolonia139 Bailey598			A.Bailey598@example.com	1963-04-26	60	nonbinary woman	729
730	Sherilyn598 O'Kon634			S.O'Kon634@example.com	1969-05-07	54	transgender woman	730
731	Shanti441 Lesch175			S.Lesch175@example.com	2014-09-22	8	cisgender woman	731
732	Clara183 Lemus978			C.Lemus978@example.com	1956-10-11	66	nonbinary woman	732
733	Oda116 Willms744			O.Willms744@example.com	1990-01-25	33	cisgender woman	733
734	Emilio417 Amador986			E.Amador986@example.com	1961-12-13	61	cisgender man	734
735	Eric487 Haag279			E.Haag279@example.com	1980-12-21	42	cisgender man	735
736	Dewitt635 Feest103			D.Feest103@example.com	2009-11-26	13	transgender man	736
737	Kip442 Shanahan202			K.Shanahan202@example.com	1911-11-19	111	transgender man	737
738	Laticia649 Moen819			L.Moen819@example.com	1944-03-08	79	nonbinary woman	738
739	Logan497 Brekke496			L.Brekke496@example.com	1913-05-30	110	transgender man	739
740	Warren653 Conroy74			W.Conroy74@example.com	1998-08-09	24	transgender man	740
741	Magaret757 Abernathy524			M.Abernathy524@example.com	1927-06-30	95	cisgender woman	741
742	Aleen595 Hand679			A.Hand679@example.com	1975-06-17	47	cisgender woman	742
743	Silas208 Will178			S.Will178@example.com	1985-01-08	38	nonbinary man	743
744	Anja508 Lubowitz58			A.Lubowitz58@example.com	1990-09-16	32	transgender woman	744
745	Cletus494 Strosin214			C.Strosin214@example.com	2015-11-28	7	cisgender man	745
746	Lasandra232 Muller251			L.Muller251@example.com	2017-11-23	5	transgender woman	746
747	Analisa263 Kiehn525			A.Kiehn525@example.com	1964-11-05	58	cisgender woman	747
748	Kathrine376 Ledner144			K.Ledner144@example.com	1956-09-27	66	nonbinary woman	748
749	Sharita792 Osinski784			S.Osinski784@example.com	1927-06-30	95	nonbinary woman	749
750	Mariano761 Castillo397			M.Castillo397@example.com	1948-06-30	74	transgender man	750
751	Clyde817 Ebert178			C.Ebert178@example.com	1951-10-11	71	cisgender woman	751
752	Mickey576 Padberg411			M.Padberg411@example.com	1961-06-17	61	cisgender man	752
753	Toccara373 Larkin917			T.Larkin917@example.com	1957-05-12	66	nonbinary woman	753
754	Manual570 Kertzmann286			M.Kertzmann286@example.com	1913-05-30	110	transgender man	754
755	Adell482 Mosciski958			A.Mosciski958@example.com	1969-03-04	54	cisgender woman	755
756	Mui729 Kihn564			M.Kihn564@example.com	1960-10-27	62	nonbinary woman	756
757	Don899 Upton904			D.Upton904@example.com	2004-08-13	18	transgender man	757
758	Bree992 Hahn503			B.Hahn503@example.com	1965-11-23	57	cisgender woman	758
759	Boyd728 Beahan375			B.Beahan375@example.com	1911-11-19	111	transgender man	759
760	Devona405 Erdman779			D.Erdman779@example.com	1951-10-11	71	transgender woman	760
761	Santana368 Tromp100			S.Tromp100@example.com	1927-06-30	95	nonbinary woman	761
762	Mario764 Kautzer186			M.Kautzer186@example.com	1986-06-02	37	nonbinary woman	762
763	Hubert238 Nader710			H.Nader710@example.com	1983-06-21	39	cisgender man	763
764	Stewart672 Gusikowski974			S.Gusikowski974@example.com	2004-08-13	18	nonbinary man	764
765	Exie255 Smitham825			E.Smitham825@example.com	2020-01-06	3	cisgender woman	765
766	Cornell131 Goyette777			C.Goyette777@example.com	1937-02-10	86	transgender man	766
767	Elmer371 Schinner682			E.Schinner682@example.com	1993-05-19	30	cisgender man	767
768	Gracie337 Medhurst46			G.Medhurst46@example.com	1994-10-09	28	cisgender woman	768
769	Laine739 Abbott774			L.Abbott774@example.com	1993-05-14	30	cisgender woman	769
770	Cleopatra935 Grant908			C.Grant908@example.com	1963-08-07	59	cisgender woman	770
771	Trenton748 Nicolas769			T.Nicolas769@example.com	1956-05-21	67	nonbinary man	771
772	Mario764 Waters156			M.Waters156@example.com	1984-06-12	39	transgender woman	772
773	Ariane992 Kshlerin58			A.Kshlerin58@example.com	1987-05-24	36	transgender woman	773
774	Yu876 Herzog843			Y.Herzog843@example.com	2020-03-04	3	transgender woman	774
775	Lindsey52 Tromp100			L.Tromp100@example.com	1954-02-03	69	cisgender man	775
776	Irvin970 Goodwin327			I.Goodwin327@example.com	1911-11-19	111	nonbinary man	776
777	Diana207 Vigil207			D.Vigil207@example.com	2014-09-06	8	nonbinary woman	777
778	Mindy103 Hintz995			M.Hintz995@example.com	1994-05-20	29	nonbinary woman	778
779	Keva141 Shanahan202			K.Shanahan202@example.com	1950-11-28	72	cisgender woman	779
780	Chad48 Howell947			C.Howell947@example.com	1997-08-30	25	nonbinary man	780
781	Hosea56 Gerlach374			H.Gerlach374@example.com	1965-02-12	58	cisgender man	781
782	Leopoldo762 Anderson154			L.Anderson154@example.com	1954-02-03	69	cisgender man	782
783	Dolly486 Marvin195			D.Marvin195@example.com	2012-06-11	11	cisgender woman	783
784	Shayla126 Cummings51			S.Cummings51@example.com	1992-03-24	31	nonbinary woman	784
785	Eusebio566 Wyman904			E.Wyman904@example.com	2003-11-18	19	cisgender man	785
786	Randee35 Gibson10			R.Gibson10@example.com	1973-11-09	49	transgender woman	786
787	Wilfred787 Hudson301			W.Hudson301@example.com	1965-05-21	58	cisgender man	787
788	Lon587 Schuppe920			L.Schuppe920@example.com	1954-02-03	69	cisgender man	788
789	Teodoro374 Considine820			T.Considine820@example.com	1990-10-15	32	cisgender man	789
790	Harris789 Metz686			invalid-example.net	1965-02-12	58	invalid-example	790
791	Elaine830 Wiza601			E.Wiza601@example.com	1985-10-10	37	nonbinary woman	791
792	Jamal145 Schmidt332			J.Schmidt332@example.com	1954-02-03	69	transgender man	792
793	Lana840 Grady603			L.Grady603@example.com	1950-07-30	72	cisgender woman	793
794	Kris249 Champlin946			K.Champlin946@example.com	1977-06-27	45	cisgender woman	794
795	Jerrold404 Purdy2			J.Purdy2@example.com	1957-04-28	66	cisgender man	795
796	Stanley702 Douglas31			S.Douglas31@example.com	1937-02-10	86	transgender man	796
797	Larisa542 Fritsch593			L.Fritsch593@example.com	2010-07-04	12	nonbinary woman	797
798	Mikaela760 Johns824			M.Johns824@example.com	2012-04-14	11	cisgender woman	798
799	Christoper325 Wolff180			C.Wolff180@example.com	1954-06-10	69	cisgender man	799
800	Anton902 O'Kon634			A.O'Kon634@example.com	1995-06-04	28	nonbinary man	800
801	Timothy142 Sporer811			T.Sporer811@example.com	1974-05-30	49	nonbinary man	801
802	Nelda514 West559			N.West559@example.com	1937-07-10	85	nonbinary woman	802
803	Lonnie913 Hayes766			L.Hayes766@example.com	1972-07-04	50	cisgender man	803
804	Cameron381 Douglas31			C.Douglas31@example.com	1974-05-30	49	transgender man	804
805	Ozzie259 Huel628			O.Huel628@example.com	1972-03-24	51	nonbinary man	805
806	Daryl568 Schiller186			D.Schiller186@example.com	1954-06-10	69	nonbinary man	806
807	Nickole723 Denesik803			N.Denesik803@example.com	1917-05-31	106	transgender woman	807
808	Denny560 Bosco882			D.Bosco882@example.com	1937-02-10	86	nonbinary man	808
809	Natashia109 Nitzsche158			N.Nitzsche158@example.com	1960-01-27	63	nonbinary woman	809
810	Elke785 Zemlak964			E.Zemlak964@example.com	1972-10-19	50	transgender woman	810
811	Irena775 Wilkinson796			I.Wilkinson796@example.com	1969-03-24	54	transgender woman	811
812	Maribeth658 D'Amore443			M.D'Amore443@example.com	2003-06-18	19	cisgender woman	812
813	Dale454 Satterfield305			D.Satterfield305@example.com	1999-12-14	23	nonbinary woman	813
814	Cleotilde229 Lindgren255			C.Lindgren255@example.com	1966-06-22	56	transgender woman	814
815	Mercedes82 Agosto501			M.Agosto501@example.com	1962-07-10	60	transgender woman	815
816	Alease857 Strosin214			A.Strosin214@example.com	1948-07-04	74	transgender woman	816
817	Kandice471 Boehm581			K.Boehm581@example.com	2006-09-15	16	cisgender woman	817
818	Karyn217 Ullrich385			K.Ullrich385@example.com	2001-11-12	21	transgender woman	818
819	Asa127 Ortiz186			A.Ortiz186@example.com	1988-08-31	34	cisgender man	819
820	Mertie42 Leannon79			M.Leannon79@example.com	1943-02-19	80	transgender woman	820
821	Anita473 Nájera755			A.Nájera755@example.com	1987-12-02	35	nonbinary woman	821
822	Merlin721 Breitenberg711			M.Breitenberg711@example.com	1965-02-12	58	cisgender man	822
823	Riley817 Donnelly343			R.Donnelly343@example.com	1999-09-01	23	transgender man	823
824	Gertrud593 D'Amore443			G.D'Amore443@example.com	1972-04-18	51	cisgender woman	824
825	Mohammad578 Wuckert783			M.Wuckert783@example.com	1987-07-06	35	nonbinary man	825
826	Cassondra930 Pfannerstill264			C.Pfannerstill264@example.com	2008-03-31	15	cisgender woman	826
827	Víctor493 Carrion142			V.Carrion142@example.com	1951-11-02	71	nonbinary man	827
828	Gaylord332 Denesik803			G.Denesik803@example.com	2010-12-28	12	cisgender man	828
829	Ramona980 Valdivia496			R.Valdivia496@example.com	1987-12-02	35	cisgender woman	829
830	Manie910 Torp761			M.Torp761@example.com	1959-04-24	64	transgender woman	830
831	Darla154 Schmitt836			D.Schmitt836@example.com	1991-03-25	32	cisgender woman	831
832	Kenneth671 Heathcote539			K.Heathcote539@example.com	2016-05-04	7	transgender man	832
833	Santina680 Stracke611			S.Stracke611@example.com	1997-10-15	25	nonbinary woman	833
834	James276 Wyman904			J.Wyman904@example.com	1993-05-01	30	transgender man	834
835	Merlin721 Vandervort697			M.Vandervort697@example.com	1965-02-12	58	nonbinary man	835
836	Jeanmarie510 Lebsack687			J.Lebsack687@example.com	1992-12-21	30	transgender woman	836
837	Jeremy766 Kreiger457			J.Kreiger457@example.com	1946-11-09	76	transgender man	837
838	Lavern240 Kreiger457			L.Kreiger457@example.com	1945-12-27	77	transgender man	838
839	Pilar644 Boyer713			P.Boyer713@example.com	1974-04-19	49	nonbinary woman	839
840	Trevor374 Kemmer137			T.Kemmer137@example.com	1964-06-29	58	nonbinary man	840
841	Natalya468 Mills423			N.Mills423@example.com	1951-02-22	72	cisgender woman	841
842	Erasmo545 Goodwin327			E.Goodwin327@example.com	1952-02-29	71	nonbinary man	842
843	Felicia295 Hudson301			F.Hudson301@example.com	1990-08-03	32	nonbinary woman	843
844	Ivan258 Ankunding277			I.Ankunding277@example.com	1933-12-19	89	transgender man	844
845	Amado512 Nikolaus26			A.Nikolaus26@example.com	1920-05-01	103	transgender man	845
846	Janise4 Jacobson885			J.Jacobson885@example.com	2012-12-15	10	transgender woman	846
847	Arnetta705 Schumm995			A.Schumm995@example.com	1969-02-11	54	cisgender woman	847
848	Ana972 Avilés474			A.Avilés474@example.com	2009-05-25	14	nonbinary woman	848
849	Lakenya863 Konopelski743			L.Konopelski743@example.com	1951-02-22	72	transgender woman	849
850	Terrence276 Graham902			T.Graham902@example.com	2019-06-13	3	nonbinary man	850
851	Teodoro374 Bednar518			T.Bednar518@example.com	1943-12-20	79	cisgender man	851
852	Georgette866 Stark857			G.Stark857@example.com	1996-05-31	27	nonbinary woman	852
853	Lyn897 Kautzer186			L.Kautzer186@example.com	1985-08-30	37	cisgender woman	853
854	Mickey576 Leffler128			M.Leffler128@example.com	1951-04-17	72	nonbinary woman	854
855	Traci329 Volkman526			T.Volkman526@example.com	1985-03-05	38	cisgender woman	855
856	Walker122 Will178			W.Will178@example.com	1933-12-19	89	transgender man	856
857	Raymond398 Schroeder447			R.Schroeder447@example.com	1988-02-28	35	cisgender man	857
858	Jeffie441 Daniel959			J.Daniel959@example.com	2009-02-16	14	transgender woman	858
859	Arletta663 Fay398			A.Fay398@example.com	2001-10-25	21	transgender woman	859
860	Ramon749 Zieme486			R.Zieme486@example.com	1947-11-26	75	transgender man	860
861	Sid118 Von197			S.Von197@example.com	2016-06-13	6	nonbinary man	861
862	Noble66 Sipes176			N.Sipes176@example.com	1946-01-22	77	cisgender man	862
863	Miquel905 Cruickshank494			M.Cruickshank494@example.com	1958-09-15	64	cisgender man	863
864	Major265 Beahan375			M.Beahan375@example.com	1981-04-18	42	cisgender man	864
865	Preston275 Bahringer146			P.Bahringer146@example.com	2004-05-23	19	cisgender man	865
866	Filiberto722 Beier427			F.Beier427@example.com	1947-11-26	75	transgender man	866
867	Stanford577 Stanton715			S.Stanton715@example.com	1993-06-14	29	nonbinary man	867
868	Tonita173 Toy286			T.Toy286@example.com	1964-08-21	58	transgender woman	868
869	Alexandra16 Witting912			A.Witting912@example.com	2007-01-22	16	cisgender woman	869
870	Collette420 Graham902			C.Graham902@example.com	1996-09-26	26	nonbinary woman	870
871	Demarcus108 Gerlach374			D.Gerlach374@example.com	2005-07-06	17	nonbinary man	871
872	Andres25 Dietrich576			A.Dietrich576@example.com	1958-09-15	64	transgender man	872
873	Cole117 Stroman228			C.Stroman228@example.com	1947-11-26	75	nonbinary man	873
874	Angella518 Reynolds644			A.Reynolds644@example.com	1972-09-04	50	cisgender woman	874
875	Steve819 Beahan375			S.Beahan375@example.com	1953-10-26	69	transgender man	875
876	Ira784 Tremblay80			I.Tremblay80@example.com	1920-05-01	103	cisgender man	876
877	Conchita9 Rolón954			C.Rolón954@example.com	1973-08-19	49	cisgender woman	877
878	Shelby741 Gerlach374			S.Gerlach374@example.com	1982-11-04	40	transgender woman	878
879	Annika454 Gutmann970			A.Gutmann970@example.com	1959-09-01	63	transgender woman	879
880	Herman763 Morar593			H.Morar593@example.com	1953-10-26	69	transgender man	880
881	Kirk871 Reinger292			K.Reinger292@example.com	1947-11-26	75	nonbinary man	881
882	Astrid395 Dickens475			A.Dickens475@example.com	1937-08-20	85	cisgender woman	882
883	Theron432 Klocko335			T.Klocko335@example.com	1971-11-11	51	cisgender man	883
884	Daniela614 Hernádez343			D.Hernádez343@example.com	1986-04-11	37	cisgender woman	884
885	Hai304 Bartell116			H.Bartell116@example.com	1917-05-07	106	cisgender man	885
886	Jeffrey461 Carter549			J.Carter549@example.com	1987-08-30	35	transgender man	886
887	Roman389 Heaney114			R.Heaney114@example.com	1971-11-11	51	cisgender man	887
888	Wes853 Kessler503			W.Kessler503@example.com	2003-09-03	19	transgender man	888
889	Gertie348 Runolfsson901			G.Runolfsson901@example.com	1959-09-01	63	cisgender woman	889
890	Olen518 Heaney114			O.Heaney114@example.com	1953-10-26	69	nonbinary man	890
891	Mickey576 Denesik803			M.Denesik803@example.com	1964-05-17	59	nonbinary man	891
892	Johnathon489 Brekke496			J.Brekke496@example.com	2003-08-06	19	cisgender man	892
893	Michael441 Ebert178			M.Ebert178@example.com	2000-03-22	23	transgender woman	893
894	Criselda629 Kuvalis369			C.Kuvalis369@example.com	1941-02-14	82	nonbinary woman	894
895	Elane105 Bradtke547			E.Bradtke547@example.com	1968-03-18	55	nonbinary woman	895
896	Dee580 Kris249			D.Kris249@example.com	1994-06-21	28	nonbinary man	896
897	Benjamin360 Ortiz186			B.Ortiz186@example.com	1950-02-28	73	transgender man	897
898	Sibyl335 Zulauf375			S.Zulauf375@example.com	1941-02-14	82	nonbinary woman	898
899	Katelyn962 Osinski784			K.Osinski784@example.com	1981-08-18	41	cisgender woman	899
900	Shirley182 Wolff180			S.Wolff180@example.com	1940-08-16	82	nonbinary man	900
901	Taneka590 Leuschke194			T.Leuschke194@example.com	2016-09-30	6	transgender woman	901
902	Randell912 Gorczany269			R.Gorczany269@example.com	1975-02-01	48	transgender man	902
903	Ali918 Vandervort697			A.Vandervort697@example.com	1958-09-08	64	nonbinary man	903
904	Garfield38 Cruickshank494			G.Cruickshank494@example.com	1950-02-28	73	transgender man	904
905	Vaughn909 Beatty507			V.Beatty507@example.com	1988-01-03	35	nonbinary man	905
906	Dulce933 Keebler762			D.Keebler762@example.com	1946-05-11	77	transgender woman	906
907	Douglass930 Pollich983			D.Pollich983@example.com	1997-09-12	25	nonbinary man	907
908	Marion502 Swaniawski813			M.Swaniawski813@example.com	2006-03-17	17	cisgender man	908
909	Rodger755 Lynch190			R.Lynch190@example.com	1970-01-18	53	transgender man	909
910	Tonda472 Zemlak964			T.Zemlak964@example.com	1950-11-28	72	transgender woman	910
911	Cherish740 Marks830			C.Marks830@example.com	1999-12-14	23	nonbinary woman	911
912	Brandon214 Hagenes547			B.Hagenes547@example.com	2010-10-14	12	transgender man	912
913	Nick779 Doyle959			N.Doyle959@example.com	1970-01-18	53	cisgender man	913
914	Timoteo39 Castañeda925			T.Castañeda925@example.com	1997-03-06	26	cisgender man	914
915	Solomon675 Cole117			S.Cole117@example.com	1969-04-16	54	transgender man	915
916	Burl285 Herzog843			B.Herzog843@example.com	1970-01-18	53	nonbinary man	916
917	Rubye299 Upton904			R.Upton904@example.com	1981-02-05	42	cisgender woman	917
918	Ethan766 Goyette777			E.Goyette777@example.com	1980-04-29	43	cisgender man	918
919	Pablo44 Lozada73			P.Lozada73@example.com	1965-01-02	58	nonbinary man	919
920	Frances376 Schumm995			F.Schumm995@example.com	2008-07-16	14	transgender man	920
921	Jermaine675 Lang846			J.Lang846@example.com	1965-08-08	57	cisgender man	921
922	Laurinda852 Balistreri607			L.Balistreri607@example.com	1974-07-19	48	cisgender woman	922
923	Jimmy858 Blanda868			J.Blanda868@example.com	2015-06-13	7	nonbinary man	923
924	Lindsy319 Cummings51			L.Cummings51@example.com	1985-06-06	38	transgender woman	924
925	Eugene421 Jerde200			E.Jerde200@example.com	2016-04-27	7	nonbinary man	925
926	Lorinda137 Rogahn59			L.Rogahn59@example.com	1948-03-23	75	transgender woman	926
927	Alia555 Rohan584			A.Rohan584@example.com	2012-09-09	10	cisgender woman	927
928	Alan320 Tillman293			A.Tillman293@example.com	1995-02-18	28	cisgender man	928
929	Angelo118 Monahan736			A.Monahan736@example.com	2007-11-14	15	nonbinary man	929
930	Barney639 Huels583			B.Huels583@example.com	1978-09-13	44	cisgender man	930
931	Abram53 Schinner682			A.Schinner682@example.com	1991-06-20	31	cisgender man	931
932	Marvel321 Pfeffer420			M.Pfeffer420@example.com	1948-03-23	75	nonbinary woman	932
933	Samatha845 Larkin917			S.Larkin917@example.com	1954-10-26	68	cisgender woman	933
934	Moises22 Kerluke267			M.Kerluke267@example.com	1950-02-26	73	nonbinary man	934
935	Jackie93 Gaylord332			J.Gaylord332@example.com	1964-02-18	59	transgender man	935
936	Samatha845 Mueller846			S.Mueller846@example.com	1941-02-14	82	nonbinary woman	936
937	Brad867 Parker433			B.Parker433@example.com	1959-01-30	64	nonbinary man	937
938	Eddie505 Aufderhar910			E.Aufderhar910@example.com	1950-02-26	73	nonbinary man	938
939	Eusebio566 Schulist381			E.Schulist381@example.com	1946-07-17	76	nonbinary man	939
940	Suzanna632 Balistreri607			S.Balistreri607@example.com	1949-07-01	73	cisgender woman	940
941	Lola232 Abernathy524			L.Abernathy524@example.com	1948-03-23	75	transgender woman	941
942	Vicente970 Trantow673			V.Trantow673@example.com	1944-12-26	78	transgender man	942
943	Viva686 Gibson10			V.Gibson10@example.com	1976-11-15	46	transgender woman	943
944	Earle679 Frami345			E.Frami345@example.com	1917-05-07	106	nonbinary man	944
945	Jimmy858 Reinger292			J.Reinger292@example.com	1951-12-05	71	nonbinary woman	945
946	Madie300 McLaughlin530			M.McLaughlin530@example.com	1997-09-15	25	nonbinary woman	946
947	Guadalupe206 Buckridge80			G.Buckridge80@example.com	1968-08-23	54	transgender man	947
948	Loan904 Stoltenberg489			L.Stoltenberg489@example.com	2003-09-22	19	transgender woman	948
949	Denis399 Williamson769			D.Williamson769@example.com	1948-06-01	75	transgender man	949
950	Richard937 Rice937			R.Rice937@example.com	1944-12-26	78	transgender man	950
951	Nydia801 Hyatt152			N.Hyatt152@example.com	1975-07-17	47	transgender woman	951
952	Cortney940 Lowe577			C.Lowe577@example.com	1937-04-27	86	cisgender woman	952
953	Andres25 Wilderman619			A.Wilderman619@example.com	1979-04-08	44	transgender man	953
954	Maegan141 Barrows492			M.Barrows492@example.com	2012-07-11	10	nonbinary woman	954
955	Michel472 Lang846			M.Lang846@example.com	1917-05-07	106	transgender man	955
956	Yong583 Zulauf375			Y.Zulauf375@example.com	2010-04-06	13	transgender man	956
957	Grace552 Hartmann983			G.Hartmann983@example.com	1965-04-16	58	cisgender woman	957
958	Brook779 Vandervort697			B.Vandervort697@example.com	1936-09-11	86	cisgender woman	958
959	Iesha760 Mann644			I.Mann644@example.com	1937-04-27	86	transgender woman	959
960	Sam879 Corkery305			S.Corkery305@example.com	1954-12-23	68	transgender woman	960
961	Colin861 Jacobson885			C.Jacobson885@example.com	1963-05-21	60	cisgender man	961
962	Dave764 Hilpert278			D.Hilpert278@example.com	1972-09-04	50	nonbinary man	962
963	Della552 Feil794			D.Feil794@example.com	1967-11-19	55	transgender woman	963
964	Soledad678 McDermott739			S.McDermott739@example.com	1960-04-19	63	cisgender woman	964
965	Garland107 Corkery305			G.Corkery305@example.com	2003-03-02	20	nonbinary man	965
966	Lovetta319 Strosin214			L.Strosin214@example.com	1997-02-24	26	transgender woman	966
967	Esteban536 Sierra982			E.Sierra982@example.com	1997-10-15	25	nonbinary man	967
968	Terrence276 Goodwin327			T.Goodwin327@example.com	1955-03-23	68	cisgender man	968
969	Russ979 Dare640			R.Dare640@example.com	2010-10-08	12	transgender man	969
970	Kelley882 West559			K.West559@example.com	2006-08-13	16	transgender man	970
971	Aracelis412 O'Keefe54			A.O'Keefe54@example.com	1965-05-18	58	transgender woman	971
972	Virginia437 Calvillo618			V.Calvillo618@example.com	1991-10-19	31	cisgender woman	972
973	Otilia736 Schimmel440			O.Schimmel440@example.com	2017-05-28	6	transgender woman	973
974	Leah288 Murray856			L.Murray856@example.com	1997-02-24	26	transgender woman	974
975	Mahalia897 Wyman904			M.Wyman904@example.com	1937-04-27	86	nonbinary woman	975
976	Despina962 Legros616			D.Legros616@example.com	1978-09-27	44	cisgender woman	976
977	Teodoro374 Purdy2			T.Purdy2@example.com	1988-11-19	34	nonbinary man	977
978	Dorothy355 Fay398			D.Fay398@example.com	1991-10-25	31	nonbinary woman	978
979	Salina386 Hilpert278			S.Hilpert278@example.com	1973-11-22	49	cisgender woman	979
980	Melinda114 Price929			M.Price929@example.com	1963-01-06	60	cisgender woman	980
981	Randa356 Braun514			R.Braun514@example.com	1959-04-03	64	nonbinary woman	981
982	Marc757 Kunde533			M.Kunde533@example.com	1992-10-31	30	transgender man	982
983	Shirley182 Douglas31			S.Douglas31@example.com	1966-11-02	56	cisgender woman	983
984	Eusebio566 Cremin516			E.Cremin516@example.com	1982-03-07	41	transgender man	984
985	Logan497 Torphy630			L.Torphy630@example.com	2002-10-25	20	transgender man	985
986	Danyelle408 Hodkiewicz467			D.Hodkiewicz467@example.com	1977-04-08	46	transgender woman	986
987	Cecil300 Gottlieb798			C.Gottlieb798@example.com	1969-02-28	54	nonbinary woman	987
988	Claude750 Russel238			C.Russel238@example.com	2019-07-21	3	nonbinary man	988
989	Quentin28 Luettgen772			Q.Luettgen772@example.com	1974-01-26	49	nonbinary man	989
990	Warren653 Prosacco716			W.Prosacco716@example.com	1977-02-03	46	transgender man	990
991	Albert312 Kshlerin58			A.Kshlerin58@example.com	2013-05-03	10	nonbinary man	991
992	Marica887 Casper496			M.Casper496@example.com	1966-11-02	56	cisgender woman	992
993	Horace32 Zulauf375			H.Zulauf375@example.com	2014-04-11	9	nonbinary man	993
994	Romona686 Aufderhar910			R.Aufderhar910@example.com	1960-07-16	62	nonbinary woman	994
995	Vanda440 Cruickshank494			V.Cruickshank494@example.com	1997-07-30	25	transgender woman	995
996	Matthew562 Stokes453			M.Stokes453@example.com	1995-08-29	27	nonbinary man	996
997	Rhett759 Towne435			R.Towne435@example.com	1977-07-24	45	transgender man	997
998	Susana117 Esparza426			S.Esparza426@example.com	2001-06-09	22	transgender woman	998
999	Emile522 Reichert620			E.Reichert620@example.com	1977-02-03	46	nonbinary man	999
1000	Jan231 Legros616			J.Legros616@example.com	1968-05-22	55	transgender man	1000
1001	Walker122 Kuhic920			W.Kuhic920@example.com	1914-09-06	108	cisgender man	1001
1002	Joanna347 Hermiston71			J.Hermiston71@example.com	1969-04-13	54	cisgender woman	1002
1003	Nancie476 Kutch271			N.Kutch271@example.com	1993-03-24	30	nonbinary woman	1003
1004	Lazaro919 Gorczany269			L.Gorczany269@example.com	2009-04-06	14	cisgender man	1004
1005	Tommy814 Bechtelar572			T.Bechtelar572@example.com	1978-04-06	45	transgender man	1005
1006	Phung894 Kihn564			P.Kihn564@example.com	1998-12-05	24	nonbinary woman	1006
1007	Madie300 Beahan375			M.Beahan375@example.com	1992-07-30	30	nonbinary woman	1007
1008	Sal878 Ledner144			S.Ledner144@example.com	2009-01-18	14	cisgender man	1008
1009	Armand155 Grady603			A.Grady603@example.com	1918-02-16	105	cisgender man	1009
1010	Leanna255 Cummerata161			L.Cummerata161@example.com	1986-08-30	36	cisgender woman	1010
1011	Art115 Schinner682			A.Schinner682@example.com	1985-06-09	38	nonbinary man	1011
1012	Malorie969 Abshire638			invalid-example.net	1973-09-10	49	invalid-example	1012
1013	Stanton715 Conroy74			S.Conroy74@example.com	2004-06-06	19	transgender man	1013
1014	Eugena417 Schmeler639			E.Schmeler639@example.com	1953-05-27	70	transgender woman	1014
1015	Alan320 Heathcote539			A.Heathcote539@example.com	1914-09-06	108	transgender man	1015
1016	Tamisha203 Considine820			T.Considine820@example.com	1994-02-25	29	cisgender woman	1016
1017	Zoila41 Wilkinson796			Z.Wilkinson796@example.com	1973-09-10	49	cisgender woman	1017
1018	Diego848 Witting912			D.Witting912@example.com	1962-11-22	60	transgender man	1018
1019	Carola944 Kreiger457			C.Kreiger457@example.com	2015-08-11	7	nonbinary woman	1019
1020	Edgardo196 Gutkowski940			E.Gutkowski940@example.com	1918-02-16	105	nonbinary man	1020
1021	Retta782 Volkman526			R.Volkman526@example.com	1967-04-20	56	nonbinary woman	1021
1022	Buford910 Schultz619			B.Schultz619@example.com	2018-03-12	5	cisgender man	1022
1023	Antonio44 Jacobi462			A.Jacobi462@example.com	1987-08-27	35	cisgender woman	1023
1024	Jimmy858 O'Reilly797			J.O'Reilly797@example.com	2000-10-02	22	cisgender man	1024
1025	Blake449 Connelly992			B.Connelly992@example.com	1982-03-15	41	transgender man	1025
1026	Essie785 Kutch271			E.Kutch271@example.com	2002-03-02	21	cisgender woman	1026
1027	Garth972 Hettinger594			G.Hettinger594@example.com	1961-12-09	61	cisgender man	1027
1028	Orval846 Parisian75			O.Parisian75@example.com	1990-07-18	32	transgender man	1028
1029	Yuette836 Smitham825			Y.Smitham825@example.com	1941-12-23	81	nonbinary woman	1029
1030	Neva514 Leffler128			N.Leffler128@example.com	1946-02-13	77	transgender woman	1030
1031	Jules135 Stanton715			J.Stanton715@example.com	1939-04-01	84	transgender man	1031
1032	Melisa53 Kreiger457			M.Kreiger457@example.com	1989-03-10	34	nonbinary woman	1032
1033	Walker122 Doyle959			W.Doyle959@example.com	2005-09-24	17	transgender man	1033
1034	Quinn173 Kutch271			Q.Kutch271@example.com	1914-09-06	108	nonbinary man	1034
1035	Maurice742 Cruickshank494			M.Cruickshank494@example.com	1918-02-16	105	cisgender man	1035
1036	Tana168 Bechtelar572			T.Bechtelar572@example.com	1971-04-15	52	nonbinary woman	1036
1037	Stephany248 Larson43			S.Larson43@example.com	1982-07-25	40	transgender woman	1037
1038	Naida467 Raynor401			N.Raynor401@example.com	1946-02-13	77	nonbinary woman	1038
1039	Eunice461 Wilkinson796			E.Wilkinson796@example.com	1941-12-23	81	transgender woman	1039
1040	Belinda283 Kilback373			B.Kilback373@example.com	1960-03-11	63	cisgender woman	1040
1041	Tonja658 Goldner995			T.Goldner995@example.com	1974-04-26	49	nonbinary woman	1041
1042	Julio César525 Vergara204			J.Vergara204@example.com	1982-01-14	41	cisgender man	1042
1043	Theo630 Kuvalis369			T.Kuvalis369@example.com	1989-02-23	34	transgender man	1043
1044	Dung738 Farrell962			D.Farrell962@example.com	2002-04-11	21	cisgender woman	1044
1045	Humberto482 Grimes165			H.Grimes165@example.com	1918-02-16	105	cisgender man	1045
1046	Richie600 Steuber698			R.Steuber698@example.com	1914-09-06	108	transgender man	1046
1047	Chi716 Johnston597			C.Johnston597@example.com	1939-04-01	84	nonbinary man	1047
1048	Noella563 Hermiston71			N.Hermiston71@example.com	1995-01-31	28	cisgender woman	1048
1049	Huey641 Kris249			H.Kris249@example.com	2001-06-01	22	nonbinary man	1049
1050	Jere230 Zboncak558			J.Zboncak558@example.com	1973-03-19	50	cisgender man	1050
1051	Loria303 Boyer713			L.Boyer713@example.com	1962-09-11	60	transgender woman	1051
1052	Alfred550 Leannon79			A.Leannon79@example.com	2008-05-11	15	transgender man	1052
1053	Sydney660 Ondricka197			S.Ondricka197@example.com	1967-03-21	56	nonbinary man	1053
1054	Gerard367 Lubowitz58			G.Lubowitz58@example.com	1991-05-01	32	transgender man	1054
1055	Sandee884 Anderson154			S.Anderson154@example.com	2003-08-10	19	nonbinary woman	1055
1056	Hai304 Bednar518			H.Bednar518@example.com	1998-06-15	24	transgender man	1056
1057	Drew592 Kunze215			D.Kunze215@example.com	2008-05-11	15	nonbinary man	1057
1058	Cherryl901 Jacobson885			C.Jacobson885@example.com	1950-09-20	72	cisgender woman	1058
1059	Maria750 Schoen8			M.Schoen8@example.com	1941-07-02	81	nonbinary woman	1059
1060	Cleveland582 Mayer370			C.Mayer370@example.com	1939-04-01	84	cisgender man	1060
1061	Latoyia537 Schaden604			L.Schaden604@example.com	1981-08-08	41	cisgender woman	1061
1062	Lavern240 Koss676			L.Koss676@example.com	2000-03-12	23	transgender man	1062
1063	Rosalind66 Torp761			R.Torp761@example.com	1941-06-14	81	transgender woman	1063
1064	Mirian768 Wisoky380			M.Wisoky380@example.com	1982-03-28	41	transgender woman	1064
1065	Enid644 Braun514			E.Braun514@example.com	2002-05-03	21	nonbinary woman	1065
1066	Bernardo699 Vallejo39			B.Vallejo39@example.com	2007-09-01	15	nonbinary man	1066
1067	Faustino767 Hayes766			F.Hayes766@example.com	1991-08-08	31	nonbinary man	1067
1068	Lucinda68 Waters156			L.Waters156@example.com	1954-09-22	68	nonbinary woman	1068
1069	Monroe732 Olson653			M.Olson653@example.com	2006-11-05	16	nonbinary man	1069
1070	Williams176 Hintz995			W.Hintz995@example.com	1914-09-06	108	cisgender man	1070
1071	Patricio639 Peña909			P.Peña909@example.com	2005-03-27	18	cisgender man	1071
1072	Codi873 Bins636			C.Bins636@example.com	2010-10-07	12	nonbinary woman	1072
1073	Cyril535 Considine820			C.Considine820@example.com	1963-04-09	60	cisgender man	1073
1074	Noel608 Lakin515			N.Lakin515@example.com	2016-09-12	6	nonbinary man	1074
1075	Elijah719 Zboncak558			E.Zboncak558@example.com	1991-06-18	31	cisgender man	1075
1076	Cortez851 Goodwin327			C.Goodwin327@example.com	2015-01-03	8	transgender man	1076
1077	Lynsey2 Swaniawski813			L.Swaniawski813@example.com	1978-02-28	45	cisgender woman	1077
1078	Melvin857 Kreiger457			M.Kreiger457@example.com	2000-08-02	22	nonbinary woman	1078
1079	Janna498 Anderson154			J.Anderson154@example.com	1954-09-22	68	cisgender woman	1079
1080	Zachary28 Runolfsson901			Z.Runolfsson901@example.com	1991-06-18	31	cisgender man	1080
1081	Shaunda110 O'Keefe54			S.O'Keefe54@example.com	1969-09-10	53	transgender woman	1081
1082	Iraida50 Oberbrunner298			I.Oberbrunner298@example.com	1979-11-19	43	cisgender woman	1082
1083	Glennie916 Pouros728			invalid-example.net	1946-01-31	77	invalid-example	1083
1084	Eugene421 Hintz995			E.Hintz995@example.com	1961-05-25	62	nonbinary man	1084
1085	Inell560 Koch169			I.Koch169@example.com	1958-01-01	65	cisgender woman	1085
1086	Edgar153 Beahan375			E.Beahan375@example.com	1947-04-16	76	cisgender man	1086
1087	Josephine273 Ward668			J.Ward668@example.com	2003-06-23	19	transgender woman	1087
1088	Jed345 Crooks415			J.Crooks415@example.com	2010-12-15	12	transgender man	1088
1089	Ali918 Maggio310			A.Maggio310@example.com	1977-11-07	45	cisgender man	1089
1090	Raphael767 Walter473			R.Walter473@example.com	1990-05-07	33	cisgender man	1090
1091	Yuk263 Kuhlman484			Y.Kuhlman484@example.com	2018-12-21	4	nonbinary woman	1091
1092	Johnathon489 Brakus656			J.Brakus656@example.com	1947-03-12	76	nonbinary man	1092
1093	Guillermina633 Menéndez746			G.Menéndez746@example.com	1922-02-14	101	nonbinary woman	1093
1094	Frances376 Kovacek682			F.Kovacek682@example.com	1988-08-15	34	cisgender man	1094
1095	Kiyoko456 Blanda868			K.Blanda868@example.com	1971-07-28	51	nonbinary woman	1095
1096	Jordon466 Harber290			J.Harber290@example.com	1960-01-20	63	transgender man	1096
1097	Shanon591 Davis923			S.Davis923@example.com	1973-01-17	50	nonbinary woman	1097
1098	Cary869 Jast432			C.Jast432@example.com	1947-04-16	76	cisgender man	1098
1099	Clark193 Hilll811			C.Hilll811@example.com	1975-11-27	47	cisgender man	1099
1100	Denae137 Kovacek682			D.Kovacek682@example.com	2008-09-16	14	nonbinary woman	1100
1101	Cristobal567 Marquardt819			C.Marquardt819@example.com	1947-03-12	76	transgender man	1101
1102	Lorelei90 Nitzsche158			L.Nitzsche158@example.com	1976-02-06	47	cisgender woman	1102
1103	Santo387 Casper496			S.Casper496@example.com	1966-06-21	56	transgender man	1103
1104	Sanda877 Rogahn59			S.Rogahn59@example.com	1956-06-19	66	nonbinary woman	1104
1105	Kristan816 Wintheiser220			K.Wintheiser220@example.com	1954-09-13	68	nonbinary woman	1105
1106	Andria131 Cronin387			A.Cronin387@example.com	1966-01-14	57	cisgender woman	1106
1107	Joaquín233 Ochoa950			J.Ochoa950@example.com	2019-03-05	4	nonbinary man	1107
1108	Homero668 Carrillo204			H.Carrillo204@example.com	1962-09-13	60	nonbinary man	1108
1109	Thanh759 Senger904			T.Senger904@example.com	1947-03-12	76	nonbinary man	1109
1110	Vanda440 Jenkins714			V.Jenkins714@example.com	1914-09-05	108	cisgender woman	1110
1111	Tommy814 Crooks415			T.Crooks415@example.com	2018-06-17	4	nonbinary woman	1111
1112	Brain142 Crona259			B.Crona259@example.com	1969-03-31	54	nonbinary man	1112
1113	Hoyt490 Roberts511			H.Roberts511@example.com	2017-11-24	5	transgender man	1113
1114	Thanh759 Wuckert783			T.Wuckert783@example.com	1956-06-19	66	transgender woman	1114
1115	Mariam937 Bogisich202			M.Bogisich202@example.com	1986-10-24	36	cisgender woman	1115
1116	Harry448 Mante251			H.Mante251@example.com	1989-04-03	34	cisgender man	1116
1117	Enriqueta274 Ferry570			E.Ferry570@example.com	2002-03-14	21	transgender woman	1117
1118	Sherika987 Harris789			S.Harris789@example.com	1998-03-21	25	nonbinary woman	1118
1119	Elena945 Grijalva82			E.Grijalva82@example.com	1922-02-14	101	nonbinary woman	1119
1120	Vicente970 Saldaña5			V.Saldaña5@example.com	1995-11-06	27	cisgender man	1120
1121	Dennise990 Shields502			D.Shields502@example.com	1984-07-10	38	nonbinary woman	1121
1122	Domenic627 Emard19			D.Emard19@example.com	1981-04-21	42	nonbinary man	1122
1123	Brandon214 Kuphal363			B.Kuphal363@example.com	1985-08-23	37	nonbinary man	1123
1124	Rosio404 Bayer639			R.Bayer639@example.com	1914-09-05	108	transgender woman	1124
1125	Temeka297 Gerlach374			T.Gerlach374@example.com	1933-04-16	90	transgender woman	1125
1126	Amado512 Osinski784			A.Osinski784@example.com	2003-03-04	20	cisgender man	1126
1127	Takisha161 Kunze215			T.Kunze215@example.com	1967-05-18	56	cisgender woman	1127
1128	Edmundo94 Romaguera67			E.Romaguera67@example.com	1978-10-26	44	nonbinary man	1128
1129	Young120 Quitzon246			Y.Quitzon246@example.com	1989-03-18	34	cisgender man	1129
1130	Nikia872 Herzog843			N.Herzog843@example.com	1964-10-10	58	transgender woman	1130
1131	Elvira561 Roque844			E.Roque844@example.com	1922-02-14	101	cisgender woman	1131
1132	Joe656 Feeney44			J.Feeney44@example.com	1965-09-12	57	cisgender man	1132
1133	Mac103 Frami345			M.Frami345@example.com	2005-07-17	17	transgender man	1133
1134	Violet769 West559			V.West559@example.com	2005-06-15	17	cisgender woman	1134
1135	Fidel864 Davis923			F.Davis923@example.com	1998-10-09	24	cisgender man	1135
1136	Carolyne559 Yost751			C.Yost751@example.com	1972-03-15	51	cisgender woman	1136
1137	Domingo513 Schaefer657			D.Schaefer657@example.com	2006-02-07	17	nonbinary man	1137
1138	Florance664 Bailey598			F.Bailey598@example.com	1993-06-11	30	nonbinary woman	1138
1139	Jerold208 Harber290			J.Harber290@example.com	1943-05-27	80	transgender man	1139
1140	Walter473 Marvin195			W.Marvin195@example.com	1974-05-10	49	transgender man	1140
1141	Rachele486 Wiza601			R.Wiza601@example.com	1984-12-13	38	transgender woman	1141
1142	Valentina258 Marvin195			V.Marvin195@example.com	1914-09-05	108	cisgender woman	1142
1143	Margery365 Bayer639			M.Bayer639@example.com	1953-07-19	69	transgender woman	1143
1144	Colby655 Gleichner915			C.Gleichner915@example.com	2012-12-19	10	nonbinary man	1144
1145	Zack583 McKenzie376			Z.McKenzie376@example.com	1979-12-22	43	nonbinary man	1145
1146	Corie618 Howe413			C.Howe413@example.com	1998-12-23	24	cisgender woman	1146
1147	Stewart672 Pouros728			S.Pouros728@example.com	1993-05-05	30	nonbinary man	1147
1148	Ramona980 Alcaraz418			R.Alcaraz418@example.com	1922-02-14	101	cisgender woman	1148
1149	Viki353 Spencer878			V.Spencer878@example.com	1962-01-24	61	transgender woman	1149
1150	Francisco472 Delrío329			F.Delrío329@example.com	1971-09-04	51	cisgender man	1150
1151	Karma832 Wolff180			K.Wolff180@example.com	1914-09-05	108	nonbinary woman	1151
1152	Myung778 Lynch190			M.Lynch190@example.com	1966-09-21	56	transgender woman	1152
1153	Loyd638 White193			L.White193@example.com	1978-03-05	45	transgender man	1153
1154	Hubert238 Kihn564			H.Kihn564@example.com	2008-04-28	15	nonbinary man	1154
1155	Corine538 Macejkovic424			C.Macejkovic424@example.com	1962-11-08	60	transgender woman	1155
1156	Edmundo94 Dach178			E.Dach178@example.com	1952-01-05	71	transgender man	1156
1157	Klara351 Lesch175			K.Lesch175@example.com	1979-09-22	43	nonbinary woman	1157
1158	Dan465 Walker122			D.Walker122@example.com	2017-09-13	5	cisgender man	1158
1159	Rochell365 Koch169			R.Koch169@example.com	1950-07-25	72	nonbinary woman	1159
1160	Telma919 Morissette863			T.Morissette863@example.com	1914-09-05	108	transgender woman	1160
1161	Lashawn862 Koepp521			L.Koepp521@example.com	1941-05-04	82	transgender woman	1161
1162	Mervin111 Dietrich576			M.Dietrich576@example.com	1952-01-05	71	nonbinary man	1162
1163	Myrle831 Schamberger479			M.Schamberger479@example.com	1979-09-22	43	cisgender woman	1163
1164	Napoleon578 Rice937			N.Rice937@example.com	1965-12-20	57	nonbinary man	1164
1165	Mercedes82 Shields502			M.Shields502@example.com	1987-01-29	36	transgender woman	1165
1166	Laurence43 Weber641			L.Weber641@example.com	1957-04-16	66	cisgender man	1166
1167	Conchita9 Peres371			C.Peres371@example.com	1922-02-14	101	nonbinary woman	1167
1168	Laverne101 Hane680			L.Hane680@example.com	1977-08-08	45	nonbinary man	1168
1169	Kimber624 Volkman526			K.Volkman526@example.com	1914-09-05	108	nonbinary woman	1169
1170	Shira43 Bruen238			invalid-example.net	1914-09-05	108	invalid-example	1170
1171	Oneida64 Nicolas769			O.Nicolas769@example.com	1914-09-05	108	nonbinary woman	1171
